nflId,height,weight,birthDate,collegeName,position,displayName,team_role
2539334,72,190,1990-09-10,Washington,CB,Desmond Trufant,Defense
2539653,70,186,1988-11-01,Southeastern Louisiana,CB,Robert Alford,Defense
2543850,69,186,1991-12-18,Purdue,SS,Ricardo Allen,Defense
2555162,73,227,1994-11-04,Louisiana State,MLB,Deion Jones,Defense
2555255,75,232,1993-07-01,Minnesota,OLB,De'Vondre Campbell,Defense
2555543,73,216,1995-07-26,Florida,FS,Keanu Neal,Defense
2556445,70,211,1992-10-20,Florida,CB,Brian Poole,Defense
2507763,72,200,1986-08-01,Mississippi,WR,Mike Wallace,Offense
2532842,78,243,1989-01-20,Arizona,QB,Nick Foles,Offense
2540158,77,250,1990-11-10,Stanford,TE,Zach Ertz,Offense
2552582,72,223,1993-06-15,Boise State,RB,Jay Ajayi,Offense
2552600,72,198,1993-05-24,Southern California,WR,Nelson Agholor,Offense
2553502,68,190,1993-04-10,Sacramento State,WR,DeAndre Carter,Offense
2552301,75,246,1992-07-08,Clemson,DE,Vic Beasley,Defense
2506467,66,190,1983-06-20,Kansas State,RB,Darren Sproles,Offense
2557967,73,230,1994-08-09,Louisiana State,OLB,Duke Riley,Defense
2558184,71,190,1993-06-05,San Diego State,SS,Damontae Kazee,Defense
2560995,77,256,1995-01-03,South Dakota State,TE,Dallas Goedert,Offense
2559150,70,220,1994-11-02,Wisconsin,RB,Corey Clement,Offense
310,76,217,1985-05-17,Boston College,QB,Matt Ryan,Offense
2495454,75,220,1989-02-08,Alabama,WR,Julio Jones,Offense
2507828,77,268,1987-02-26,UCLA,TE,Logan Paulsen,Offense
2552453,73,210,1993-04-16,Indiana,RB,Tevin Coleman,Offense
2555415,76,254,1994-10-29,Stanford,TE,Austin Hooper,Offense
2558023,77,253,1994-05-01,Drake,TE,Eric Saubert,Offense
79848,72,204,1987-12-20,Ohio State,SS,Malcolm Jenkins,Defense
2534832,70,195,1990-06-23,Virginia,FS,Rodney McLeod,Defense
2552315,73,236,1992-06-27,Texas,MLB,Jordan Hicks,Defense
2552689,71,193,1994-01-02,Florida State,CB,Ronald Darby,Defense
2555383,72,191,1994-04-06,Louisiana State,CB,Jalen Mills,Defense
2556363,74,230,1994-05-16,Eastern Illinois,OLB,Kamu Grugier-Hill,Defense
2558175,74,230,1995-02-23,Nebraska,LB,Nate Gerry,Defense
2543583,68,206,1992-03-15,Florida State,RB,Devonta Freeman,Offense
2552418,70,192,1991-12-18,East Carolina,WR,Justin Hardy,Offense
2557034,70,190,1993-04-10,Washington,WR,Marvin Hall,Offense
2560854,73,190,1994-12-20,Alabama,WR,Calvin Ridley,Offense
2557958,72,181,1996-05-21,Washington,CB,Sidney Jones,Defense
2533040,74,215,1989-08-22,Rutgers,WR,Mohamed Sanu,Offense
2495613,72,196,1985-07-25,New Hampshire,FS,Corey Graham,Defense
2561132,74,215,1995-08-02,Yale,LB,Foye Oluokun,Defense
2558258,71,191,1995-03-20,West Virginia,WR,Shelton Gibson,Offense
2559033,72,233,1994-04-15,Oregon State,FB,Ricky Ortiz,Offense
2559109,74,205,1994-07-12,Kansas State,CB,Deante Burton,Defense
2539291,61,185,1991-02-07,Oregon State,WR,Markus Wheaton,Offense
2558168,74,209,1995-08-29,West Virginia,CB,Rasul Douglas,Defense
2555461,70,208,1994-01-20,West Virginia,RB,Wendell Smallwood,Offense
79607,71,210,1988-07-12,Pittsburgh,RB,LeSean McCoy,Offense
2495139,75,246,1989-02-13,Tulsa,TE,Charles Clay,Offense
2495189,69,188,1988-11-08,Texas Christian,WR,Jeremy Kerley,Offense
2543471,77,245,1991-02-05,Florida State,WR,Kelvin Benjamin,Offense
2557863,74,200,1995-03-30,East Carolina,WR,Zay Jones,Offense
2558191,74,225,1994-05-04,Pittsburgh,QB,Nathan Peterman,Offense
4365,72,210,1986-05-19,Grand Valley State,CB,Brandon Carr,Defense
2495775,61,195,1985-01-04,Utah,FS,Eric Weddle,Defense
2540164,71,211,1992-01-27,Oklahoma,SS,Tony Jefferson,Defense
2543464,74,250,1992-06-19,Alabama,ILB,C.J. Mosley,Defense
2552279,76,272,1992-09-08,Kentucky,OLB,Za'Darius Smith,Defense
2555378,69,185,1994-03-14,Temple,CB,Tavon Young,Defense
2555505,75,261,1992-08-15,Grand Valley State,OLB,Matt Judon,Defense
2558067,72,197,1996-07-08,Alabama,CB,Marlon Humphrey,Defense
2506268,73,245,1983-05-31,California,OLB,Lorenzo Alexander,Defense
2539240,72,197,1990-12-31,Iowa,SS,Micah Hyde,Defense
2539290,72,191,1991-04-25,Oregon State,FS,Jordan Poyer,Defense
2543851,72,193,1991-04-04,Rice,CB,Phillip Gaines,Defense
2557867,71,192,1995-01-16,Louisiana State,CB,Tre'Davious White,Defense
2557969,72,223,1994-07-28,Boston College,OLB,Matt Milano,Defense
2560713,77,250,1998-05-02,Virginia Tech,LB,Tremaine Edmunds,Defense
382,78,245,1985-01-16,Delaware,QB,Joe Flacco,Offense
71269,73,215,1987-09-14,Texas Tech,WR,Michael Crabtree,Offense
2543847,71,179,1990-04-03,Pittsburg State,WR,John Brown,Offense
2552402,76,270,1993-02-17,Delaware,TE,Nick Boyle,Offense
2552468,76,252,1994-04-12,Minnesota,TE,Maxx Williams,Offense
2555430,61,208,1994-08-26,Arkansas,RB,Alex Collins,Offense
2560766,71,192,1996-07-27,Weber State,CB,Taron Johnson,Defense
2550256,71,205,1992-10-17,Ball State,WR,Willie Snead,Offense
2552631,72,218,1991-08-27,Southern California,RB,Javorius Allen,Offense
2560729,74,196,1994-05-07,Alabama,WR,Robert Foster,Offense
2505660,75,265,1982-10-11,Arizona State,OLB,Terrell Suggs,Defense
2558990,75,311,1994-05-27,Maine,FB,Patrick Ricard,Offense
2508004,71,207,1987-03-27,Tennessee State,DB,Anthony Levine,Defense
2555209,73,200,1993-06-16,Cincinnati,WR,Chris Moore,Offense
2495453,76,210,1988-06-16,Hillsdale,WR,Andre Holmes,Offense
2543767,78,250,1991-07-01,Virginia Tech,TE,Logan Thomas,Offense
2559159,77,246,1994-02-28,Tennessee,TE,Jason Croom,Offense
2556642,72,227,1992-08-22,Portland State,ILB,Patrick Onwuasor,Defense
2558248,72,205,1995-04-19,Virginia Tech,FS,Chuck Clark,Defense
2507817,61,205,1987-05-12,South Carolina State,SS,Rafael Bush,Defense
2557841,75,244,1993-11-12,Alabama,OLB,Tim Williams,Defense
2560947,73,235,1994-11-15,UCLA,LB,Kenny Young,Defense
2552647,69,195,1991-10-03,Missouri,RB,Marcus Murphy,Offense
2558166,75,240,1995-05-23,Houston,OLB,Tyus Bowser,Defense
2560957,77,255,1995-09-06,Oklahoma,TE,Mark Andrews,Offense
2507999,72,223,1988-03-22,Tiffin University,RB,Chris Ivory,Offense
2560955,77,237,1996-05-21,Wyoming,QB,Josh Allen,Offense
2555229,70,228,1994-01-21,Louisiana Tech,RB,Kenneth Dixon,Offense
2560757,74,212,1997-01-07,Louisville,QB,Lamar Jackson,Offense
2561485,61,173,1993-11-20,Rutgers,WR,Janarion Grant,Offense
2560963,71,178,1994-11-30,Alabama,CB,Anthony Averett,Defense
2555178,73,193,1994-05-26,Virginia,CB,Maurice Canady,Defense
2561301,74,230,1995-07-23,North Dakota State,LB,Chris Board,Defense
2506109,77,240,1982-03-02,"Miami, O.",QB,Ben Roethlisberger,Offense
2508061,61,185,1988-07-10,Central Michigan,WR,Antonio Brown,Offense
2540151,76,203,1991-05-20,Tennessee,WR,Justin Hunter,Offense
2552633,79,250,1994-06-04,Penn State,TE,Jesse James,Offense
2557978,73,233,1995-05-05,Pittsburgh,RB,James Conner,Offense
2558149,73,215,1996-11-22,Southern California,WR,JuJu Smith-Schuster,Offense
2539311,75,255,1989-10-20,Southern Mississippi,OLB,Jamie Collins,Defense
2543637,71,190,1992-05-17,Oregon,CB,Terrance Mitchell,Defense
2552389,71,196,1992-08-29,Arizona State,CB,Damarious Randall,Defense
2555166,73,245,1993-11-06,Wisconsin,MLB,Joe Schobert,Defense
2555540,70,210,1993-12-15,Texas Christian,SS,Derrick Kindred,Defense
2556475,69,193,1993-01-21,Minnesota,CB,Briean Boddy-Calhoun,Defense
2560916,71,191,1997-04-28,Ohio State,CB,Denzel Ward,Defense
2560920,71,213,1996-04-02,Oklahoma State,WR,James Washington,Offense
2560964,72,250,1995-04-26,Memphis,LB,Genard Avery,Defense
496727,73,210,1989-01-13,Georgia Tech,SS,Morgan Burnett,Defense
496733,71,195,1989-04-14,Florida,CB,Joe Haden,Defense
2539978,73,245,1991-05-05,Florida,ILB,Jon Bostic,Defense
2540221,73,233,1989-12-27,Florida State,ILB,Vince Williams,Defense
2552289,76,269,1993-02-12,Kentucky,OLB,Bud Dupree,Defense
2555344,72,197,1995-05-01,Miami,CB,Artie Burns,Defense
2555386,73,202,1993-10-23,Maryland,SS,Sean Davis,Defense
2556559,69,184,1994-03-09,Mississippi,CB,Mike Hilton,Defense
2558064,76,252,1994-10-11,Wisconsin,OLB,T.J. Watt,Defense
2495240,73,215,1989-08-03,Virginia Tech,QB,Tyrod Taylor,Offense
2537931,75,225,1991-04-13,Utah,WR,Josh Gordon,Offense
2540928,79,270,1986-04-22,California-Irvine,TE,Darren Fells,Offense
2543488,71,196,1992-11-28,Louisiana State,WR,Jarvis Landry,Offense
2543743,72,229,1990-09-20,Ohio State,RB,Carlos Hyde,Offense
2557986,76,246,1996-07-10,Miami,TE,David Njoku,Offense
2552461,69,210,1993-09-23,Miami,RB,Duke Johnson,Offense
2555468,73,198,1994-10-07,Colorado State,WR,Rashard Higgins,Offense
2560712,73,217,1997-01-20,Virginia Tech,S,Terrell Edmunds,Defense
2550235,71,248,1992-03-30,Kent State,FB,Roosevelt Nix,Offense
2550521,76,261,1992-09-22,Southern California,TE,Xavier Grimble,Offense
2543720,74,235,1992-08-31,Iowa,OLB,Christian Kirksey,Defense
2557980,71,213,1995-10-04,Michigan,FS,Jabrill Peppers,Defense
2560988,71,200,1997-01-09,Florida,WR,Antonio Callaway,Offense
2552266,75,255,1992-12-10,Miami,OLB,Anthony Chickillo,Defense
2561021,71,225,1995-12-27,Georgia,RB,Nick Chubb,Offense
2557960,68,185,1994-11-04,North Carolina,WR,Ryan Switzer,Offense
2558849,71,188,1995-02-27,Tennessee,CB,Cameron Sutton,Defense
2556365,75,245,1993-01-29,Princeton,TE,Seth DeValve,Offense
2550164,72,204,1990-07-28,Ohio,CB,T.J. Carrie,Defense
2561470,76,207,1994-10-17,Texas Tech,WR,Derrick Willies,Offense
2533060,74,190,1989-10-26,Alabama,CB,Dre Kirkpatrick,Defense
2543814,73,255,1992-10-27,Louisville,MLB,Preston Brown,Defense
2555355,72,205,1993-06-02,Illinois,FS,Clayton Fejedelem,Defense
2555528,74,235,1993-08-20,Utah State,OLB,Nick Vigil,Defense
2556367,72,196,1992-10-27,Houston,CB,William Jackson,Defense
2558801,75,242,1995-01-27,Oklahoma,OLB,Jordan Evans,Defense
2560970,73,200,1997-02-26,Wake Forest,S,Jessie Bates,Defense
2532865,70,183,1989-11-14,Florida International,WR,T.Y. Hilton,Offense
2533031,76,240,1989-09-12,Stanford,QB,Andrew Luck,Offense
2540232,78,262,1990-05-05,Western Kentucky,TE,Jack Doyle,Offense
2543466,76,253,1993-04-10,North Carolina,TE,Eric Ebron,Offense
2543759,72,194,1990-12-19,Tulane,WR,Ryan Grant,Offense
2560933,73,217,1994-07-18,Mississippi,RB,Jordan Wilkins,Offense
2543474,71,205,1991-10-10,Michigan State,CB,Darqueze Dennard,Defense
2556396,72,184,1994-01-12,Grambling State,WR,Chester Rogers,Offense
2558877,74,214,1994-12-18,Old Dominion,WR,Zach Pascal,Offense
2560742,69,198,1996-11-12,North Carolina State,RB,Nyheim Hines,Offense
2495143,74,220,1987-10-29,Texas Christian,QB,Andy Dalton,Offense
2495450,76,210,1988-07-31,Georgia,WR,A.J. Green,Offense
2540148,78,255,1990-09-08,Notre Dame,TE,Tyler Eifert,Offense
2540156,69,205,1991-11-22,North Carolina,HB,Giovani Bernard,Offense
2555466,74,203,1994-11-15,Pittsburgh,WR,Tyler Boyd,Offense
2558010,71,194,1995-11-27,Washington,WR,John Ross,Offense
2552386,74,216,1992-06-01,Central Florida,FS,Clayton Geathers,Defense
2556429,71,209,1992-07-15,Notre Dame,SS,Matthias Farley,Defense
2557961,74,193,1996-08-16,Florida,CB,Quincy Wilson,Defense
2558108,72,185,1994-06-30,Temple,CB,Nate Hairston,Defense
2558851,73,230,1995-08-08,Northwestern,ILB,Anthony Walker,Defense
2558976,69,190,1995-08-23,Valdosta State,CB,Kenny Moore II,Defense
2560789,74,230,1995-07-27,South Carolina State,LB,Darius Leonard,Defense
2552586,78,250,1992-10-15,Rutgers,TE,Tyler Kroft,Offense
2550405,76,255,1992-05-08,Miami,TE,Erik Swoope,Offense
2552559,78,260,1993-01-14,Auburn,TE,C.J. Uzomah,Offense
2557976,73,220,1996-07-24,Oklahoma,HB,Joe Mixon,Offense
2558060,73,212,1996-04-02,Ohio State,FS,Malik Hooker,Defense
2560816,74,225,1995-01-08,South Carolina,ILB,Skai Moore,Defense
2539233,72,210,1991-05-13,Georgia,SS,Shawn Williams,Defense
2561155,72,236,1996-07-02,Syracuse,ILB,Zaire Franklin,Defense
2558982,72,235,1994-01-05,Illinois,MLB,Hardy Nickerson,Defense
2556493,71,228,1992-10-24,Texas A&M,RB,Tra Carson,Offense
2533016,72,244,1989-06-04,West Virginia,OLB,Najee Goode,Defense
2558127,75,205,1996-03-21,Tennessee,WR,Josh Malone,Offense
2556519,72,195,1992-11-06,Wisconsin,WR,Alex Erickson,Offense
2354,72,233,1986-07-21,Kentucky,ILB,Wesley Woodyard,Defense
71423,76,257,1986-07-31,Texas,OLB,Brian Orakpo,Defense
2539320,72,214,1991-02-15,Texas,SS,Kenny Vaccaro,Defense
2540162,71,195,1991-02-09,Rutgers,CB,Logan Ryan,Defense
2550613,71,190,1990-03-02,West Alabama,CB,Malcolm Butler,Defense
2555158,71,212,1993-08-17,Middle Tennessee,FS,Kevin Byard,Defense
2555320,74,242,1993-07-08,UCLA,OLB,Aaron Wallace,Defense
2558005,72,226,1995-02-26,UCLA,ILB,Jayon Brown,Defense
2558065,71,185,1995-09-18,Southern California,CB,Adoree' Jackson,Defense
2649,71,185,1985-11-02,Texas Tech,WR,Danny Amendola,Offense
2532956,76,207,1988-07-27,Texas A&M,QB,Ryan Tannehill,Offense
2540202,73,202,1992-04-22,Oklahoma,WR,Kenny Stills,Offense
2555230,73,211,1994-01-26,Alabama,RB,Kenyan Drake,Offense
2556190,67,169,1992-10-30,Texas Tech,WR,Jakeem Grant,Offense
2560994,78,252,1995-10-03,Penn State,TE,Mike Gesicki,Offense
2495469,68,195,1990-09-27,Pittsburgh,RB,Dion Lewis,Offense
2495966,74,248,1984-08-12,Central Missouri State,TE,Delanie Walker,Offense
2532903,72,217,1989-10-12,Nevada,WR,Rishard Matthews,Offense
2552466,76,222,1993-10-30,Oregon,QB,Marcus Mariota,Offense
2555317,74,194,1994-12-23,Massachusetts,WR,Tajae Sharpe,Offense
2557848,75,209,1995-01-11,Western Michigan,WR,Corey Davis,Offense
496739,73,215,1988-02-25,Georgia,SS,Reshad Jones,Defense
2539309,74,215,1991-01-26,USC,SS,T.J. McDonald,Defense
2539935,75,239,1990-08-14,Oregon,OLB,Kiko Alonso,Defense
2552434,71,192,1993-08-18,Memphis,CB,Bobby McCain,Defense
2555539,73,200,1993-07-04,Baylor,CB,Xavien Howard,Defense
2558070,74,242,1995-11-17,Ohio State,LB,Raekwon McMillan,Defense
2560725,73,207,1996-11-17,Alabama,S,Minkah Fitzpatrick,Defense
2555339,75,241,1994-04-27,Boise State,ILB,Kamalei Correa,Defense
2561328,76,250,1995-10-01,Temple,OLB,Sharif Finch,Defense
2552580,77,240,1991-09-20,Arkansas,TE,A.J. Derby,Offense
2550272,69,195,1992-07-12,Georgia State,WR,Albert Wilson,Offense
496828,76,261,1989-01-06,Georgia Tech,OLB,Derrick Morgan,Defense
2541539,71,225,1990-11-27,Auburn,ILB,Daren Bates,Defense
2555551,72,203,1993-09-18,Southern Utah,CB,LeShaun Sims,Defense
2506404,69,212,1983-05-14,Miami,RB,Frank Gore,Offense
2540013,73,235,1989-09-19,Nebraska,ILB,Will Compton,Defense
2560880,78,260,1995-08-09,Notre Dame,TE,Durham Smythe,Offense
2556075,75,247,1994-01-04,Alabama,RB,Derrick Henry,Offense
2558207,75,248,1995-08-22,Florida International,TE,Jonnu Smith,Offense
2495441,77,235,1989-10-15,Missouri,QB,Blaine Gabbert,Offense
2557870,71,205,1995-03-02,Western Kentucky,WR,Taywan Taylor,Offense
2495234,77,253,1988-07-17,Tennessee,TE,Luke Stocker,Offense
2560966,74,225,1996-12-25,Ohio State,LB,Jerome Baker,Defense
2559043,75,246,1993-08-29,Southern Illinois,OLB,Chase Allen,Defense
2553896,70,180,1992-06-28,Virginia,WR,Darius Jennings,Offense
2559053,71,188,1995-04-10,Nevada-Las Vegas,CB,Torry McTyer,Defense
496735,70,185,1988-04-10,Alabama,CB,Kareem Jackson,Defense
2495872,71,185,1984-04-16,South Carolina,CB,Johnathan Joseph,Defense
2533049,76,258,1990-07-21,Illinois,OLB,Whitney Mercilus,Defense
2540180,69,190,1992-05-13,Louisiana State,FS,Tyrann Mathieu,Defense
2543501,72,191,1991-10-02,Oklahoma,CB,Aaron Colvin,Defense
2552261,72,185,1992-08-05,Wake Forest,CB,Kevin Johnson,Defense
2558094,75,238,1994-12-02,Vanderbilt,ILB,Zach Cunningham,Defense
2560851,73,204,1997-02-15,Stanford,SS,Justin Reid,Defense
497240,78,265,1989-05-14,Arizona,TE,Rob Gronkowski,Offense
2504211,76,225,1977-08-03,Michigan,QB,Tom Brady,Offense
2530515,73,210,1987-10-24,"Monmouth, N.J.",WR,Chris Hogan,Offense
2539265,70,215,1990-07-02,Nebraska,RB,Rex Burkhead,Offense
2543773,70,205,1992-02-03,Wisconsin,RB,James White,Offense
2552424,70,192,1993-01-05,Miami,WR,Phillip Dorsett,Offense
2552490,76,257,1992-11-19,Mississippi State,ILB,Benardrick McKinney,Defense
2533046,76,260,1990-02-24,Clemson,TE,Dwayne Allen,Offense
2533034,70,221,1991-04-25,Miami,RB,Lamar Miller,Offense
2540165,73,212,1992-06-06,Clemson,WR,DeAndre Hopkins,Offense
2543646,69,200,1991-08-22,South Carolina,WR,Bruce Ellington,Offense
2558063,74,221,1995-09-14,Clemson,QB,Deshaun Watson,Offense
2560896,77,277,1996-08-02,Mississippi State,TE,Jordan Thomas,Offense
2561427,75,202,1996-06-09,Limestone,WR,Vyncint Smith,Offense
71251,71,215,1987-08-19,Oregon,SS,Patrick Chung,Defense
494287,70,195,1987-08-13,Rutgers,FS,Devin McCourty,Defense
2533057,75,260,1990-03-12,Alabama,MLB,Dont'a Hightower,Defense
2533062,73,202,1990-09-19,South Carolina,CB,Stephon Gilmore,Defense
2552255,73,205,1992-10-03,Utah,CB,Eric Rowe,Defense
2556119,72,238,1994-04-22,Houston,MLB,Elandon Roberts,Defense
2556571,70,190,1993-09-20,Auburn,CB,Jonathan Jones,Defense
2560951,76,243,1992-04-19,Central Florida,TE,Jordan Akins,Offense
2541243,73,205,1991-01-24,Rutgers,FS,Duron Harmon,Defense
2543699,75,250,1991-03-26,Brigham Young,OLB,Kyle Van Noy,Defense
2541316,78,255,1990-01-11,Connecticut,TE,Ryan Griffin,Offense
2561143,74,255,1996-08-24,Purdue,LB,Ja'Whaun Bentley,Defense
2559211,69,198,1993-06-16,Iowa,WR,Riley McCarron,Offense
2508101,75,255,1988-07-23,Brown,FB,James Develin,Offense
2543603,73,230,1992-10-20,LSU,RB,Jeremy Hill,Offense
2552470,73,210,1993-03-31,Auburn,WR,Sammie Coates,Offense
2559152,72,237,1994-05-19,Missouri State,ILB,Dylan Cole,Defense
2555234,70,185,1993-10-07,San Jose State,RB,Tyler Ervin,Offense
2540145,74,238,1991-03-17,Tennessee,WR,Cordarrelle Patterson,Offense
2543600,74,225,1991-04-27,LSU,RB,Alfred Blue,Offense
89756,71,195,1987-08-13,Rutgers,CB,Jason McCourty,Defense
2506581,74,228,1982-11-24,Harvard,QB,Ryan Fitzpatrick,Offense
2543468,77,231,1993-08-21,Texas A&M,WR,Mike Evans,Offense
2550656,77,245,1991-07-03,Harvard,TE,Cameron Brate,Offense
2556466,71,225,1994-02-27,Auburn,RB,Peyton Barber,Offense
2557856,78,250,1994-11-18,Alabama,TE,O.J. Howard,Offense
2558105,73,209,1996-02-27,Penn State,WR,Chris Godwin,Offense
494261,71,208,1988-04-01,Ohio State,SS,Kurt Coleman,Defense
2533008,74,248,1989-01-11,Arkansas State,ILB,Demario Davis,Defense
2555530,71,205,1994-12-12,Ohio State,FS,Vonn Bell,Defense
2556735,73,180,1993-02-08,Colorado,CB,Ken Crawley,Defense
2558061,72,192,1996-05-20,Ohio State,CB,Marshon Lattimore,Defense
2558163,75,240,1994-09-22,Florida,OLB,Alex Anzalone,Defense
2558847,73,195,1996-09-08,Utah,FS,Marcus Williams,Defense
2495471,66,205,1990-02-06,Oregon State,RB,Jacquizz Rodgers,Offense
2553895,71,195,1993-06-24,Clemson,WR,Adam Humphries,Offense
2508084,71,191,1987-09-07,Florida State,CB,Patrick Robinson,Defense
1581,70,175,1986-12-01,California,WR,DeSean Jackson,Offense
2495272,74,203,1989-02-23,California,SS,Chris Conte,Defense
2532828,73,233,1990-01-23,Nebraska,OLB,Lavonte David,Defense
2550565,72,230,1990-09-21,Florida Atlantic,MLB,Adarius Taylor,Defense
2552592,73,227,1994-08-03,Louisiana State,MLB,Kwon Alexander,Defense
2555299,70,204,1995-06-03,Florida,CB,Vernon Hargreaves III,Defense
2557945,72,199,1995-08-26,Texas A&M,SS,Justin Evans,Defense
2560884,71,205,1995-09-16,North Carolina,CB,M.J. Stewart,Defense
2504775,72,209,1979-01-15,Purdue,QB,Drew Brees,Offense
2539303,73,233,1990-04-26,Southern Methodist,FB,Zach Line,Offense
2541834,77,250,1990-05-21,Idaho State,TE,Josh Hill,Offense
2556370,75,212,1993-03-03,Ohio State,WR,Michael Thomas,Offense
2558019,70,215,1995-07-25,Tennessee,RB,Alvin Kamara,Offense
2560878,74,210,1996-01-07,Central Florida,WR,Tre'Quan Smith,Offense
2555552,71,190,1993-09-07,North Carolina Central,CB,Ryan Smith,Defense
2506122,75,255,1980-12-18,Georgia,TE,Benjamin Watson,Offense
2507166,71,180,1985-04-12,Ohio State,WR,Ted Ginn,Offense
2558928,73,195,1993-12-25,Northwestern,WR,Austin Carr,Offense
2561039,73,206,1996-12-31,Auburn,CB,Carlton Davis,Defense
2550223,72,195,1991-09-07,North Greenville,WR,Freddie Martino,Offense
2556508,73,235,1993-07-02,Memphis,TE,Alan Cross,Offense
2559044,78,256,1993-05-28,"Laval, Can.",TE,Antony Auclair,Offense
2539277,73,241,1991-01-26,Notre Dame,MLB,Manti Te'o,Defense
2539982,73,240,1991-07-30,Iowa State,OLB,A.J. Klein,Defense
2556752,67,168,1992-10-24,Northern Illinois,WR,Tommylee Lewis,Offense
2539663,61,210,1990-11-01,Florida,RB,Mike Gillislee,Offense
2555227,72,217,1994-02-02,Arkansas,RB,Jonathan Williams,Offense
2495211,73,242,1989-08-09,Nebraska,TE,Niles Paul,Offense
2543477,77,236,1992-04-28,Central Florida,QB,Blake Bortles,Offense
2543683,77,262,1992-09-29,Washington,TE,Austin Seferian-Jenkins,Offense
2553318,76,245,1992-01-14,Illinois State,TE,James O'Shaughnessy,Offense
2557973,72,228,1995-01-18,Louisiana State,RB,Leonard Fournette,Offense
2561018,76,198,1996-09-23,Louisiana State,WR,D.J. Chark,Offense
71197,76,255,1986-10-15,Cincinnati,OLB,Connor Barwin,Defense
2532875,70,190,1988-10-29,North Alabama,CB,Janoris Jenkins,Defense
2540143,75,250,1991-09-25,Georgia,LB,Alec Ogletree,Defense
2543738,78,262,1992-02-19,North Carolina,OLB,Kareem Martin,Defense
2552454,72,218,1994-01-10,Alabama,SS,Landon Collins,Defense
2555277,73,203,1995-08-09,Ohio State,CB,Eli Apple,Defense
2555522,73,242,1993-05-29,Clemson,ILB,B.J. Goodson,Defense
2543614,74,215,1993-08-06,Mississippi,WR,Donte Moncrief,Offense
2552471,73,223,1993-10-02,Alabama,RB,T.J. Yeldon,Offense
2557895,72,176,1993-11-21,Oklahoma,WR,Dede Westbrook,Offense
2559153,73,194,1993-04-20,Kentucky Wesleyan,WR,Keelan Cole,Offense
2539338,71,190,1990-05-03,William & Mary,CB,B.W. Webb,Defense
2541792,75,220,1991-03-05,Miami,OLB,Ray-Ray Armstrong,Defense
2553822,72,190,1992-07-18,Fresno State,FS,Curtis Riley,Defense
2561015,77,250,1995-12-10,Georgia,OLB,Lorenzo Carter,Defense
2535687,71,195,1990-03-17,Stanford,SS,Michael Thomas,Defense
494259,74,218,1988-02-11,Toledo,SS,Barry Church,Defense
2532848,73,212,1990-08-07,Wyoming,FS,Tashaun Gipson,Defense
2539237,71,190,1990-06-27,Houston,CB,D.J. Hayden,Defense
2539662,75,249,1990-08-26,Florida,DE,Lerentee McCray,Defense
2541162,72,191,1991-08-16,Central Florida,CB,A.J. Bouye,Defense
2543711,75,215,1991-04-11,Florida State,OLB,Telvin Smith,Defense
2555280,73,208,1994-10-24,Florida State,CB,Jalen Ramsey,Defense
2555329,73,244,1995-09-03,UCLA,OLB,Myles Jack,Defense
2505996,77,218,1981-01-03,Mississippi,QB,Eli Manning,Offense
2543496,71,198,1992-11-05,Louisiana State,WR,Odell Beckham Jr.,Offense
2543590,75,222,1992-10-10,Indiana,WR,Cody Latimer,Offense
2555295,70,201,1993-02-10,Oklahoma,WR,Sterling Shepard,Offense
2557858,75,240,1994-09-02,Mississippi,TE,Evan Engram,Offense
2557952,72,210,1994-10-01,Clemson,RB,Wayne Gallman,Offense
2532835,77,255,1988-10-03,USC,TE,Rhett Ellison,Offense
2540225,73,246,1990-09-10,Wake Forest,FB,Tommy Bohanon,Offense
2560968,72,233,1997-02-09,Penn State,RB,Saquon Barkley,Offense
2560758,74,245,1995-10-03,Wisconsin,LB,Leon Jacobs,Defense
2550599,77,255,1992-04-13,Assumption,TE,Scott Simonson,Offense
2561008,75,214,1997-04-18,Alabama,DB,Ronnie Harrison,Defense
949,61,245,1987-03-21,Oregon,RB,Jonathan Stewart,Offense
2559254,73,240,1993-08-21,San Jose State,FB,Shane Smith,Offense
2553650,61,203,1991-12-19,Auburn,RB,Corey Grant,Offense
2556711,74,210,1994-02-09,Michigan,SS,Jarrod Wilson,Defense
2506340,76,213,1984-05-07,Utah,QB,Alex Smith,Offense
2540011,68,195,1990-10-20,Florida State,RB,Chris Thompson,Offense
2540160,74,242,1990-07-03,Florida,TE,Jordan Reed,Offense
2543491,72,180,1992-04-13,Colorado,WR,Paul Richardson,Offense
2552415,69,177,1993-06-17,Duke,WR,Jamison Crowder,Offense
2555343,74,205,1992-12-03,Texas Christian,WR,Josh Doctson,Offense
2495504,73,203,1990-07-11,Louisiana State,CB,Patrick Peterson,Defense
2495807,71,201,1984-07-27,Howard,FS,Antoine Bethea,Defense
2539932,71,192,1990-09-29,Boise State,CB,Jamar Taylor,Defense
2543769,73,211,1992-08-30,Washington State,ILB,Deone Bucannon,Defense
2543830,73,205,1992-06-25,North Carolina,FS,Tre Boston,Defense
2557887,73,235,1994-09-22,Temple,ILB,Haason Reddick,Defense
2558009,70,195,1996-01-10,Washington,FS,Budda Baker,Defense
2507164,73,220,1985-03-21,Oklahoma,RB,Adrian Peterson,Offense
2530491,73,235,1989-08-24,Auburn,ILB,Josh Bynes,Defense
2495826,75,248,1984-01-31,Maryland,TE,Vernon Davis,Offense
2495190,76,265,1988-08-16,Purdue,OLB,Ryan Kerrigan,Defense
2495281,73,250,1989-03-01,Washington,ILB,Mason Foster,Defense
2532804,73,250,1989-10-23,North Carolina,ILB,Zach Brown,Defense
2532920,72,200,1987-12-15,Coastal Carolina,CB,Josh Norman,Defense
2539943,70,205,1991-09-01,South Carolina,FS,D.J. Swearinger,Defense
2552276,77,265,1992-11-17,Mississippi State,OLB,Preston Smith,Defense
2553796,74,202,1992-07-22,Florida,CB,Quinton Dunbar,Defense
2558133,74,212,1995-12-04,Michigan State,FS,Montae Nicholson,Defense
2558136,72,204,1994-04-09,UCLA,CB,Fabian Moreau,Defense
497095,76,224,1987-11-08,Oklahoma,QB,Sam Bradford,Offense
2506106,75,218,1983-08-31,Pittsburgh,WR,Larry Fitzgerald,Offense
2553435,73,224,1991-12-16,Northern Iowa,RB,David Johnson,Offense
2558208,74,204,1994-10-19,Grambling,WR,Chad Williams,Offense
2559248,77,243,1995-03-15,Texas A&M,TE,Ricky Seals-Jones,Offense
2560781,71,200,1996-11-18,Texas A&M,WR,Christian Kirk,Offense
2557880,76,245,1994-02-20,Louisville,ILB,Josh Harvey-Clemons,Defense
2557886,77,255,1994-08-10,Arkansas,TE,Jeremy Sprinkle,Offense
2560711,69,210,1996-04-13,Fordham,RB,Chase Edmonds,Offense
2556414,72,229,1992-10-03,Tulane,RB,Rob Kelley,Offense
2495201,75,265,1988-12-17,Mississippi State,OLB,Pernell McPhee,Defense
2557853,74,253,1994-08-12,Alabama,OLB,Ryan Anderson,Defense
2553658,77,255,1991-03-29,Purdue,TE,Gabe Holmes,Offense
2553687,74,238,1991-03-28,Utah State,MLB,Zach Vigil,Defense
2560886,72,181,1996-03-08,Virginia Tech,DB,Greg Stroman,Defense
2558174,72,204,1994-11-01,Auburn,S,Rudy Ford,Defense
2534436,72,204,1989-02-14,Florida,WR,Deonte Thompson,Offense
2539336,68,185,1990-03-15,West Virginia,WR,Tavon Austin,Offense
2553454,76,260,1993-09-16,Texas,TE,Geoff Swaim,Offense
2553743,75,236,1992-01-10,Ohio State,RB,Rod Smith,Offense
2555224,72,228,1995-07-22,Ohio State,RB,Ezekiel Elliott,Offense
2555260,74,238,1993-07-29,Mississippi State,QB,Dak Prescott,Offense
80668,69,195,1988-04-10,South Carolina,CB,Captain Munnerlyn,Defense
2495339,61,205,1988-11-16,North Carolina,SS,Da'Norris Searcy,Defense
2505708,61,205,1981-03-24,Delaware,FS,Mike Adams,Defense
2533056,75,238,1991-04-20,Boston College,MLB,Luke Kuechly,Defense
2552447,72,230,1994-04-21,Washington,OLB,Shaq Thompson,Defense
2555175,73,212,1993-08-04,Samford,CB,James Bradberry,Defense
2560753,70,180,1995-11-08,Louisiana State,CB,Donte Jackson,Defense
496937,74,245,1986-07-22,Penn State,ILB,Sean Lee,Defense
2541832,73,212,1991-05-14,Saginaw Valley State,SS,Jeff Heath,Defense
2552568,72,205,1992-09-26,Connecticut,CB,Byron Jones,Defense
2555531,71,196,1993-12-15,Purdue,CB,Anthony Brown,Defense
2555536,72,220,1994-08-11,Central Michigan,SS,Kavon Frazier,Defense
2557840,72,202,1995-05-24,Colorado,CB,Chidobe Awuzie,Defense
2560908,76,256,1996-02-08,Boise State,LB,Leighton Vander Esch,Defense
2495455,77,245,1989-05-11,Auburn,QB,Cam Newton,Offense
2495459,72,205,1989-01-26,Maryland,WR,Torrey Smith,Offense
2532978,70,191,1989-11-25,Arkansas,WR,Jarius Wright,Offense
2552458,76,225,1994-05-21,Michigan,WR,Devin Funchess,Offense
2557997,71,205,1996-06-07,Stanford,RB,Christian McCaffrey,Offense
2560894,75,260,1996-06-06,Indiana,TE,Ian Thomas,Offense
2535698,68,174,1989-04-26,Southern Methodist,WR,Cole Beasley,Offense
2550353,75,195,1991-11-12,Miami,WR,Allen Hurns,Offense
2560735,73,200,1996-03-04,Colorado State,WR,Michael Gallup,Offense
2559193,77,260,1994-07-16,Oklahoma State,TE,Blake Jarwin,Offense
2552686,72,243,1993-05-28,Minnesota,OLB,Damien Wilson,Defense
2555310,74,245,1995-06-14,Notre Dame,MLB,Jaylon Smith,Defense
2552622,78,255,1992-04-10,Canisius,TE,Chris Manhertz,Offense
2558833,74,255,1994-05-17,West Georgia,RB,Alex Armah,Offense
2560813,71,215,1997-04-14,Maryland,WR,D.J. Moore,Offense
2550262,73,232,1991-05-06,South Carolina State,ILB,Joe Thomas,Defense
2539205,74,210,1989-09-18,Baylor,WR,Terrance Williams,Offense
2553441,74,240,1993-08-08,Texas State,MLB,David Mayo,Defense
2495700,77,255,1985-03-11,Miami,TE,Greg Olsen,Offense
2553815,72,222,1993-07-05,Akron,OLB,Justin March,Defense
2540269,68,225,1991-02-10,California,RB,C.J. Anderson,Offense
2499257,72,205,1987-10-27,Texas Christian,FS,Colin Jones,Defense
2560866,77,242,1996-07-11,Stanford,TE,Dalton Schultz,Offense
2536044,73,242,1989-04-17,North Texas,FB,Jamize Olawale,Offense
2495108,72,204,1989-06-06,Nebraska,CB,Prince Amukamara,Defense
2532961,72,239,1990-03-24,Kentucky,ILB,Danny Trevathan,Defense
2543681,71,194,1992-02-16,Virginia Tech,CB,Kyle Fuller,Defense
2552385,72,214,1993-04-29,Penn State,FS,Adrian Amos,Defense
2553500,69,188,1991-10-23,Rice,CB,Bryce Callahan,Defense
2555288,74,242,1993-05-26,West Virginia,ILB,Nick Kwiatkoski,Defense
2558176,72,202,1993-12-10,Alabama,FS,Eddie Jackson,Defense
2495187,75,250,1988-01-30,Wisconsin,TE,Lance Kendricks,Offense
2495448,70,192,1990-08-22,Kentucky,WR,Randall Cobb,Offense
2506363,74,225,1983-12-02,California,QB,Aaron Rodgers,Offense
2543495,73,215,1992-12-24,Fresno State,WR,Davante Adams,Offense
2552429,72,216,1993-01-22,Stanford,RB,Ty Montgomery,Offense
2556460,75,202,1994-01-18,Illinois,WR,Geronimo Allison,Offense
497236,79,265,1986-11-24,Miami,TE,Jimmy Graham,Offense
2560907,76,207,1994-10-10,South Florida,WR,Marquez Valdes-Scantling,Offense
2555285,77,240,1992-09-08,Georgia,OLB,Leonard Floyd,Defense
2558204,72,213,1995-04-03,Brigham Young,RB,Jamaal Williams,Offense
2540200,76,268,1991-02-18,Michigan State,TE,Dion Sims,Offense
2543509,74,220,1993-08-24,Penn State,WR,Allen Robinson,Offense
2550284,74,238,1991-10-29,Florida,TE,Trey Burton,Offense
2550617,67,168,1991-02-17,Abilene Christian,WR,Taylor Gabriel,Offense
2555418,72,224,1994-11-02,Indiana,RB,Jordan Howard,Offense
2558008,74,215,1994-08-20,North Carolina,QB,Mitchell Trubisky,Offense
80431,75,255,1986-05-14,Southern California,OLB,Clay Matthews,Defense
2506789,71,191,1983-03-16,Louisiana Tech,CB,Tramon Williams,Defense
2543470,73,211,1992-12-21,Alabama,FS,Ha Ha Clinton-Dix,Defense
2552697,61,195,1993-03-12,Auburn,FS,Jermaine Whitehead,Defense
2555161,74,237,1994-01-09,Stanford,ILB,Blake Martinez,Defense
2556480,71,200,1994-08-11,Louisiana Tech,SS,Kentrell Brice,Defense
2556537,76,260,1993-04-01,Arizona,LB,Reggie Gilbert,Defense
2557996,75,200,1995-05-05,Washington,CB,Kevin King,Defense
2560755,72,196,1996-04-03,Iowa,CB,Josh Jackson,Defense
2560810,71,199,1994-10-09,Memphis,WR,Anthony Miller,Offense
2533048,75,265,1990-04-12,USC,OLB,Nick Perry,Defense
2560952,70,196,1997-02-09,Louisville,CB,Jaire Alexander,Defense
2558250,66,191,1995-07-26,North Carolina A&T,RB,Tarik Cohen,Offense
2557983,76,235,1996-01-03,Notre Dame,QB,DeShone Kizer,Offense
2560877,72,230,1997-04-08,Georgia,LB,Roquan Smith,Defense
494289,71,203,1987-12-19,Northwestern,CB,Sherrick McManis,Defense
2556478,75,247,1994-02-07,Harvard,TE,Ben Braunecker,Offense
2555160,73,241,1994-12-06,Florida,ILB,Antonio Morrison,Defense
2553432,75,216,1992-06-25,West Virginia,WR,Kevin White,Offense
2552636,72,240,1992-02-01,Rutgers,FB,Michael Burton,Offense
2555340,77,245,1991-11-25,Utah State,OLB,Kyler Fackrell,Defense
2552489,75,318,1994-01-06,Florida State,NT,Eddie Goldman,Defense
2495101,75,259,1988-09-06,Texas,OLB,Sam Acho,Defense
2541202,74,197,1990-02-01,Rutgers,CB,Marcus Cooper,Defense
2495888,78,267,1984-05-19,UCLA,TE,Marcedes Lewis,Offense
2495343,69,185,1989-04-26,Chattanooga,CB,Buster Skrine,Defense
2532877,74,213,1990-01-01,Montana,CB,Trumaine Johnson,Defense
2533059,71,192,1990-02-07,Louisiana State,CB,Morris Claiborne,Defense
2543597,73,246,1992-03-09,Kentucky,ILB,Avery Williamson,Defense
2555256,75,259,1994-07-01,Georgia,OLB,Jordan Jenkins,Defense
2555322,73,232,1994-10-18,Ohio State,ILB,Darron Lee,Defense
2556617,72,210,1993-09-25,Appalachian State,S,Doug Middleton,Defense
2557979,73,213,1995-10-17,Louisiana State,SS,Jamal Adams,Defense
79860,75,220,1988-02-07,Georgia,QB,Matthew Stafford,Offense
497326,71,197,1988-08-02,Notre Dame,WR,Golden Tate,Offense
2532884,74,198,1990-03-12,California,WR,Marvin Jones,Offense
2558049,77,265,1994-05-07,Toledo,TE,Michael Roberts,Offense
2558052,76,213,1993-11-03,Northern Illinois,WR,Kenny Golladay,Offense
2560765,71,212,1997-06-30,Auburn,RB,Kerryon Johnson,Offense
2540020,69,201,1991-05-04,Notre Dame,RB,Theo Riddick,Offense
2541199,77,254,1990-01-15,Rice,TE,Luke Willson,Offense
2540203,80,268,1991-07-30,Stanford,TE,Levine Toilolo,Offense
2561366,75,235,1996-09-19,Washington State,LB,Frankie Luvu,Defense
2543836,72,190,1992-07-19,Notre Dame,WR,T.J. Jones,Offense
2553353,72,182,1990-11-26,Marshall,CB,Darryl Roberts,Defense
2556453,75,250,1992-11-23,Monmouth (N.J.),TE,Hakeem Valles,Offense
2540219,72,212,1991-02-14,Georgia Southern,FS,J.J. Wilcox,Defense
2552486,77,302,1994-06-20,Southern California,DE,Leonard Williams,Defense
2543828,74,225,1992-05-31,Nebraska,WR,Quincy Enunwa,Offense
2550189,71,225,1993-01-08,Alabama State,RB,Isaiah Crowell,Offense
2553451,76,257,1992-01-14,"Monmouth, N.J.",TE,Neal Sterling,Offense
2553744,78,263,1992-04-22,Texas-El Paso,TE,Eric Tomlinson,Offense
2556462,75,190,1993-05-09,Temple,WR,Robby Anderson,Offense
2561036,75,225,1997-06-05,Southern California,QB,Sam Darnold,Offense
71441,72,207,1986-01-15,New Mexico,FS,Glover Quin,Defense
2534830,72,208,1990-03-19,Illinois,SS,Tavon Wilson,Defense
2540288,72,190,1991-01-01,Mississippi State,CB,Darius Slay,Defense
2543869,75,256,1991-06-24,Southern California,OLB,Devon Kennard,Defense
2543872,69,190,1991-04-23,Utah State,CB,Nevin Lawson,Defense
2550572,75,250,1991-02-18,Florida State,ILB,Christian Jones,Defense
2552262,69,197,1993-01-22,Texas,SS,Quandre Diggs,Defense
2557924,72,233,1995-01-31,Tennessee,OLB,Jalen Reeves-Maybin,Defense
2531332,76,228,1989-06-20,Ohio State,WR,Terrelle Pryor,Offense
2558821,70,190,1995-04-03,San Diego,CB,Jamal Agnew,Defense
2557855,73,245,1994-11-16,Florida,MLB,Jarrad Davis,Defense
2560738,76,252,1996-02-23,Miami,TE,Chris Herndon,Offense
2552494,75,243,1994-01-20,Virginia,DE,Eli Harold,Defense
497149,72,247,1986-12-05,Oregon,RB,LeGarrette Blount,Offense
2495328,70,204,1988-10-27,Louisville,RB,Bilal Powell,Offense
2560822,70,180,1994-10-11,Tulane,CB,Parry Nickerson,Defense
2495262,73,250,1989-05-12,Central Michigan,FB,Nick Bellore,Offense
2553657,74,234,1993-04-06,Marshall,OLB,Neville Hewitt,Defense
2506562,76,225,1982-05-17,USC,QB,Matt Cassel,Offense
2549896,74,250,1992-02-16,Arizona,OLB,Marquis Flowers,Defense
2553725,61,205,1992-12-14,Texas Tech,WR,Bradley Marquez,Offense
497320,71,195,1988-01-09,Citadel,WR,Andre Roberts,Offense
2555477,74,209,1992-10-16,Clemson,WR,Charone Peake,Offense
2557885,77,258,1995-01-31,Clemson,TE,Jordan Leggett,Offense
2561137,71,185,1994-07-23,Virginia State,RB,Trenton Cannon,Offense
2557955,72,191,1995-12-31,Florida,CB,Teez Tabor,Defense
1302,73,209,1986-02-13,Kansas,CB,Aqib Talib,Defense
2540197,68,178,1992-01-17,Southern California,CB,Nickell Robey-Coleman,Defense
2543492,68,185,1990-11-27,Florida State,FS,Lamarcus Joyner,Defense
2552488,72,197,1993-01-09,Washington,CB,Marcus Peters,Defense
2556277,71,207,1994-10-27,Midwestern State,SS,Marqui Christian,Defense
2556593,75,228,1993-11-18,Washington,ILB,Cory Littleton,Defense
2558183,72,209,1995-12-19,Boston College,SS,John Johnson,Defense
2558830,75,245,1995-05-09,Eastern Washington,OLB,Samson Ebukam,Defense
1032,75,217,1985-05-31,Kansas State,WR,Jordy Nelson,Offense
71265,77,254,1987-04-07,South Carolina,TE,Jared Cook,Offense
2495663,71,215,1986-04-22,California,RB,Marshawn Lynch,Offense
2543499,75,210,1991-03-28,Fresno State,QB,Derek Carr,Offense
2550597,74,195,1991-02-22,West Alabama,WR,Seth Roberts,Offense
2552487,73,211,1994-06-17,Alabama,WR,Amari Cooper,Offense
2540169,72,193,1992-04-10,Southern California,WR,Robert Woods,Offense
2543498,70,183,1993-09-25,Oregon State,WR,Brandin Cooks,Offense
2552475,73,224,1994-08-03,Georgia,RB,Todd Gurley,Offense
2555334,76,223,1994-10-14,California,QB,Jared Goff,Offense
2555364,78,257,1993-01-01,Western Kentucky,TE,Tyler Higbee,Offense
2557898,74,208,1993-06-15,Eastern Washington,WR,Cooper Kupp,Offense
2495153,61,200,1988-12-08,Clemson,FS,Marcus Gilchrist,Defense
2495617,61,195,1984-12-09,Michigan,CB,Leon Hall,Defense
2506353,75,245,1982-11-22,Texas,ILB,Derrick Johnson,Defense
2507167,61,210,1983-09-21,Florida,FS,Reggie Nelson,Defense
2532986,73,241,1990-04-02,Temple,OLB,Tahir Whitehead,Defense
2541200,74,194,1989-10-02,Northern Illinois,CB,Rashaan Melvin,Defense
2558062,72,190,1995-06-29,Ohio State,CB,Gareon Conley,Defense
2543487,74,263,1992-04-28,Florida,OLB,Dominique Easley,Defense
2552320,74,237,1992-08-19,Georgia,ILB,Ramik Wilson,Defense
2534241,75,240,1990-07-25,Beloit,TE,Derek Carrier,Offense
2556885,68,207,1993-10-15,Southern Mississippi,RB,Jalen Richard,Offense
2553722,75,265,1991-09-21,Northwest Missouri State,OLB,Matt Longacre,Defense
2532899,69,210,1989-01-13,Boise State,RB,Doug Martin,Offense
306,74,205,1986-04-07,Tennessee State,CB,Dominique Rodgers-Cromartie,Defense
2557889,75,240,1994-06-25,South Alabama,TE,Gerald Everett,Offense
2558194,75,196,1995-02-16,Texas A&M,WR,Josh Reynolds,Offense
2557972,75,235,1995-10-21,Wake Forest,MLB,Marquel Lee,Defense
2552382,71,222,1993-05-15,Texas,RB,Malcolm Brown,Offense
2555294,76,260,1992-03-20,Michigan State,LB,Shilique Calhoun,Defense
2558875,76,232,1994-11-23,Oregon,TE,Johnny Mundt,Offense
2536032,76,245,1989-06-08,Kansas State,OLB,Emmanuel Lamur,Defense
2555342,70,200,1993-09-08,West Virginia,SS,Karl Joseph,Defense
2550400,72,240,1992-04-08,San Jose State,FB,Keith Smith,Offense
2556817,70,185,1993-05-03,North Carolina A&T,CB,Tony McRae,Defense
2560745,77,265,1995-06-29,Ohio State,DE,Sam Hubbard,Defense
2552392,71,210,1993-01-21,Stanford,SS,Jordan Richards,Defense
2559924,69,195,1995-09-11,Southern Mississippi,RB,Ito Smith,Offense
2561009,74,235,1993-12-16,Mississippi,DE,Marquis Haynes,Defense
2560775,73,200,1995-01-23,Tennessee,DB,Rashaan Gaulden,Defense
2539219,73,190,1989-12-05,Connecticut,CB,Blidi Wreh-Wilson,Defense
2558171,70,185,1994-10-09,Miami,CB,Corn Elder,Defense
2534741,61,205,1989-02-12,West Virginia,FS,Keith Tandy,Defense
2495288,77,255,1988-08-03,Nevada,TE,Virgil Green,Offense
2506121,77,228,1981-12-08,North Carolina State,QB,Philip Rivers,Offense
2552469,73,215,1993-04-13,Wisconsin,RB,Melvin Gordon,Offense
2555220,74,234,1992-11-07,Wisconsin,FB,Derek Watt,Offense
2558846,76,218,1994-10-04,Clemson,WR,Mike Williams,Offense
2559161,77,255,1993-06-11,Missouri,TE,Sean Culkin,Offense
79901,61,207,1988-05-27,Illinois,CB,Vontae Davis,Defense
2505299,76,255,1980-06-18,Kent State,TE,Antonio Gates,Offense
2540154,74,211,1992-04-27,California,WR,Keenan Allen,Offense
2553913,76,205,1992-02-12,Western Oregon,WR,Tyrell Williams,Offense
2532861,71,192,1989-09-09,Vanderbilt,CB,Casey Hayward,Defense
2541958,70,195,1990-01-24,Central Michigan,SS,Jahleel Addae,Defense
2552310,71,240,1992-12-05,Miami,ILB,Denzel Perryman,Defense
2556828,71,191,1993-09-15,Penn State,CB,Trevor Williams,Defense
2557927,70,201,1994-12-14,Iowa,CB,Desmond King,Defense
2560760,74,215,1996-08-03,Florida State,SS,Derwin James,Defense
2560928,74,216,1996-03-24,West Virginia,LB,Kyzir White,Defense
2559169,70,200,1995-05-17,"Western State, Colo.",RB,Austin Ekeler,Offense
2550842,71,210,1992-03-28,Texas,SS,Adrian Phillips,Defense
2556148,71,221,1994-02-18,Akron,OLB,Jatavis Brown,Defense
2560826,74,251,1996-12-28,Southern California,LB,Uchenna Nwosu,Defense
2558182,74,220,1994-01-25,Miami,SS,Rayshawn Jenkins,Defense
2552296,75,250,1991-08-16,North Dakota State,OLB,Kyle Emanuel,Defense
2530763,73,234,1989-04-30,South Carolina,FB,Patrick DiMarco,Offense
2507644,61,232,1987-08-10,North Dakota State,OLB,Ramon Humber,Defense
2556652,71,195,1992-09-24,Pittsburgh,CB,Lafayette Pitts,Defense
2552654,75,211,1992-01-10,Connecticut,WR,Geremy Davis,Offense
2561358,61,174,1992-12-06,West Georgia,WR,J.J. Jones,Offense
2561382,61,210,1994-03-06,Western Carolina,RB,Detrez Newsome,Offense
2560818,72,205,1994-08-04,Jacksonville State,DB,Siran Neal,Defense
2495438,78,265,1989-11-09,Notre Dame,TE,Kyle Rudolph,Offense
2532820,75,202,1988-08-19,Michigan State,QB,Kirk Cousins,Offense
2541161,75,230,1990-01-18,Central Florida,RB,Latavius Murray,Offense
2541785,74,200,1990-08-22,Minn. State-Mankato,WR,Adam Thielen,Offense
2555306,76,265,1993-05-19,Texas-San Antonio,TE,David Morgan,Offense
2561027,75,254,1995-07-30,Central Michigan,TE,Tyler Conklin,Offense
2552608,72,191,1993-11-29,Maryland,WR,Stefon Diggs,Offense
2555214,74,215,1995-06-14,Mississippi,WR,Laquon Treadwell,Offense
2534567,74,235,1988-12-09,Idaho,MLB,Korey Toomer,Defense
2525323,73,210,1987-09-09,Rice,SS,Andrew Sendejo,Defense
2532948,74,214,1989-02-02,Notre Dame,FS,Harrison Smith,Defense
2540155,73,218,1990-06-19,Florida State,CB,Xavier Rhodes,Defense
2543459,77,255,1992-03-18,UCLA,OLB,Anthony Barr,Defense
2552312,72,232,1992-02-29,UCLA,MLB,Eric Kendricks,Defense
2552448,72,190,1992-07-25,Michigan State,CB,Trae Waynes,Defense
2555177,70,192,1993-11-12,Clemson,CB,Mackensie Alexander,Defense
2557991,70,210,1995-08-10,Florida State,RB,Dalvin Cook,Offense
2556803,71,235,1993-07-22,"Augustana, S.D.",FB,C.J. Ham,Offense
2495170,72,195,1989-07-10,New Mexico State,CB,Davon House,Defense
2558033,74,244,1994-10-16,Michigan,OLB,Ben Gedeon,Defense
2555156,76,215,1994-02-11,Clemson,SS,Jayron Kearse,Defense
2557896,72,195,1994-05-13,Miami (Fla.),WR,Stacy Coley,Offense
2560746,70,191,1997-02-11,Central Florida,CB,Mike Hughes,Defense
2560243,74,215,1993-03-25,"Concordia, Minn",WR,Brandon Zylstra,Offense
2556489,72,230,1994-03-09,Louisville,OLB,James Burgess,Defense
2533047,75,257,1991-01-27,Georgia,TE,Orson Charles,Offense
2552484,72,196,1993-06-01,Florida State,CB,P.J. Williams,Defense
2532887,73,209,1990-02-06,Washington,WR,Jermaine Kearse,Offense
2540258,77,260,1989-10-05,Cincinnati,TE,Travis Kelce,Offense
2543457,73,211,1993-06-14,Clemson,WR,Sammy Watkins,Offense
2552652,75,205,1992-10-25,Georgia,WR,Chris Conley,Offense
2556214,70,185,1994-03-01,West Alabama,WR,Tyreek Hill,Offense
2557917,71,216,1995-08-06,Toledo,RB,Kareem Hunt,Offense
2558125,75,230,1995-09-17,Texas Tech,QB,Patrick Mahomes,Offense
2532946,71,187,1988-11-15,Clemson,CB,Coty Sensabaugh,Defense
2307,61,196,1987-02-10,Boise State,CB,Orlando Scandrick,Defense
2495493,75,270,1989-01-21,Georgia,DE,Justin Houston,Defense
2530794,72,206,1987-08-17,Newberry,FS,Ron Parker,Defense
2543592,72,235,1992-06-10,Iowa,MLB,Anthony Hitchens,Defense
2552265,71,194,1993-01-22,Oregon State,CB,Steven Nelson,Defense
2555169,74,252,1993-09-23,Alabama,ILB,Reggie Ragland,Defense
2555173,71,199,1994-01-07,Minnesota,FS,Eric Murray,Defense
2555349,71,198,1995-02-13,Virginia Tech,CB,Kendall Fuller,Defense
2560881,75,285,1995-12-18,Mississippi,LB,Breeland Speaks,Defense
2560921,71,205,1996-03-19,Texas A&M,DB,Armani Watts,Defense
2540215,76,267,1990-06-13,Rice,TE,Vance McDonald,Offense
2556775,74,235,1993-05-03,Florida State,ILB,Terrance Smith,Defense
2495340,70,242,1988-12-11,Connecticut,FB,Anthony Sherman,Offense
2541187,79,230,1991-07-29,Wisconsin-Milwaukee,TE,Demetrius Harris,Offense
2561103,71,190,1996-07-20,Central Arkansas,WR,Tremon Smith,Offense
2558185,79,289,1994-06-14,Villanova,DE,Tanoh Kpassagnon,Defense
80427,74,210,1987-02-26,Maryland,WR,Darrius Heyward-Bey,Offense
2540204,70,229,1991-11-23,LSU,RB,Spencer Ware,Offense
2550512,71,224,1992-04-03,Oklahoma,RB,Damien Williams,Offense
2555478,73,203,1994-09-21,Florida,WR,Demarcus Robinson,Offense
2543638,68,176,1993-01-05,Oregon,WR,De'Anthony Thomas,Offense
2495470,61,220,1989-01-27,LSU,RB,Stevan Ridley,Offense
2560827,73,220,1994-09-04,Clemson,LB,Dorian O'Daniel,Defense
2530660,74,216,1989-05-30,Central Florida,WR,Kamar Aiken,Offense
2532800,74,241,1989-09-04,Florida State,OLB,Nigel Bradham,Defense
2556444,75,223,1993-08-05,Washington,TE,Josh Perkins,Offense
2556934,71,185,1993-07-18,Florida State,CB,Javien Elliott,Defense
2560930,70,198,1997-03-18,Pittsburgh,DB,Jordan Whitehead,Defense
2550605,61,196,1991-03-24,North Dakota State,CB,Marcus Williams,Defense
2561291,69,185,1995-12-02,Duke,RB,Shaun Wilson,Offense
2555346,72,184,1994-04-16,Notre Dame,WR,Will Fuller,Offense
2560784,74,250,1996-06-05,Boston College,OLB,Harold Landry,Defense
2560714,76,255,1995-04-24,Wake Forest,LB,Duke Ejiofor,Defense
2558942,74,246,1995-02-19,Harvard,TE,Anthony Firkser,Offense
2556673,76,263,1993-07-31,Stanford,OLB,Brennan Scarlett,Defense
1037347,76,231,1986-11-14,Alabama-Birmingham,QB,Joe Webb,Offense
2495251,61,184,1987-04-08,USC,CB,Shareece Wright,Defense
2535693,72,219,1990-07-23,Stanford,CB,Johnson Bademosi,Defense
2552730,76,240,1988-10-31,Northwestern (Ia),ILB,Brian Peters,Defense
2560759,71,200,1995-12-15,Wisconsin,DB,Natrell Jamerson,Defense
2560774,75,254,1995-06-26,Stanford,LB,Peter Kalambayi,Defense
2561344,73,218,1996-03-27,Florida Atlantic,RB,Buddy Howell,Offense
2561538,71,202,1995-12-15,Mississippi,DB,A.J. Moore,Defense
4263,74,214,1986-02-17,Toledo,P,Brett Kern,Special
2535701,76,260,1990-01-25,Missouri,LS,Beau Brinkley,Special
2541756,74,225,1989-10-23,Troy,FS,Brynden Trawick,Defense
2561033,73,209,1995-04-27,Arizona,DB,Dane Cruikshank,Defense
2543811,73,192,1990-09-08,Lindenwood,CB,Pierre Desir,Defense
2558123,72,210,1996-03-07,South Florida,RB,Marlon Mack,Offense
2550206,76,255,1991-01-24,Stanford,TE,Ryan Hewitt,Offense
2556855,73,207,1994-08-05,Texas,WR,Marcus Johnson,Offense
2557866,74,204,1993-12-20,Michigan,WR,Jehu Chesson,Offense
2532933,75,215,1989-06-05,Appalachian State,WR,Brian Quick,Offense
1037374,61,178,1987-12-08,Miami (Fla.),CB,Sam Shields,Defense
2539293,74,236,1991-01-17,Penn State,ILB,Gerald Hodges,Defense
2543855,72,195,1991-09-03,San Jose State,CB,Bene' Benwikere,Defense
2552656,70,160,1992-04-24,Alabama-Birmingham,WR,J.J. Nelson,Offense
2552307,73,237,1992-05-04,Baylor,ILB,Bryce Hager,Defense
2553536,71,184,1991-08-29,Oregon,CB,Troy Hill,Defense
2556374,70,191,1993-08-08,Auburn,SS,Blake Countess,Defense
2553545,73,210,1992-05-16,Georgia Tech,DB,Isaiah Johnson,Defense
2346,72,211,1986-08-08,Mount Union,WR,Pierre Garcon,Offense
2534820,77,252,1988-05-29,Michigan State,TE,Garrett Celek,Offense
2543801,74,225,1991-11-02,Eastern Illinois,QB,Jimmy Garoppolo,Offense
2558266,76,250,1993-10-09,Iowa,TE,George Kittle,Offense
2558918,70,190,1995-02-28,Georgia Southern,RB,Matt Breida,Offense
2560836,73,195,1995-10-23,Washington,WR,Dante Pettis,Offense
2558202,68,181,1994-04-30,Louisiana Tech,WR,Trent Taylor,Offense
2558914,73,203,1995-08-04,Eastern Washington,WR,Kendrick Bourne,Offense
2495507,75,195,1988-03-30,Stanford,CB,Richard Sherman,Defense
2550654,69,183,1991-07-12,Pittsburgh,CB,K'Waun Williams,Defense
2552391,73,215,1992-02-12,Samford,FS,Jaquiski Tartt,Defense
2558121,74,229,1996-02-08,Kansas State,LB,Elijah Lee,Defense
2558157,75,195,1995-03-21,Colorado,CB,Ahkello Witherspoon,Defense
2558857,74,205,1993-10-06,Miami,FS,Adrian Colbert,Defense
2560917,75,230,1996-11-19,Brigham Young,LB,Fred Warner,Defense
2533457,61,222,1988-12-12,Florida Atlantic,RB,Alfred Morris,Offense
2560761,69,185,1995-09-05,Middle Tennessee,WR,Richie James,Offense
2540230,73,240,1991-04-23,Harvard,FB,Kyle Juszczyk,Offense
2552684,75,239,1990-01-19,Wyoming,MLB,Mark Nzeocha,Defense
2560913,73,210,1995-02-01,Louisiana-Lafayette,DB,Tracy Walker,Defense
2543741,71,193,1991-07-18,Northern Illinois,FS,Jimmie Ward,Defense
2556641,76,263,1995-06-17,Notre Dame,DE,Romeo Okwara,Defense
2556708,78,257,1993-11-30,Incarnate Word,TE,Cole Wick,Offense
2543680,72,219,1991-02-27,Virginia Tech,FS,Antone Exum,Defense
494307,71,214,1988-08-04,South Carolina,FS,Darian Stewart,Defense
2495202,75,250,1989-03-26,Texas A&M,OLB,Von Miller,Defense
2530510,70,199,1989-06-18,Kansas,CB,Chris Harris,Defense
2532898,73,245,1989-09-10,Nevada,ILB,Brandon Marshall,Defense
2543505,71,194,1992-05-01,Ohio State,CB,Bradley Roby,Defense
2550930,73,230,1992-05-17,Sacramento State,ILB,Todd Davis,Defense
2555550,74,202,1993-11-19,Boston College,SS,Justin Simmons,Defense
497322,71,180,1987-03-17,Southern Methodist,WR,Emmanuel Sanders,Offense
497328,75,225,1987-12-25,Georgia Tech,WR,Demaryius Thomas,Offense
2532888,73,215,1988-02-17,Houston,QB,Case Keenum,Offense
2552399,77,255,1992-11-24,Ohio State,TE,Jeff Heuerman,Offense
2560733,72,238,1996-02-24,Oregon,RB,Royce Freeman,Offense
2560888,76,216,1995-10-10,Southern Methodist,WR,Courtland Sutton,Offense
2555568,74,220,1990-04-02,"California, Pa.",SS,Erik Harris,Defense
2555223,71,219,1992-05-27,Utah,RB,Devontae Booker,Offense
2557859,78,250,1995-07-11,Michigan,TE,Jake Butt,Offense
2559947,68,190,1994-07-24,Colorado,RB,Phillip Lindsay,Offense
2543572,76,210,1991-12-20,Clemson,WR,Martavis Bryant,Offense
2506345,61,185,1983-09-30,West Virginia,CB,Adam Jones,Defense
2555432,73,238,1993-05-23,Nebraska,RB,Andy Janovich,Offense
2550541,74,250,1992-11-17,Colorado State,OLB,Shaquil Barrett,Defense
2560763,73,236,1994-12-25,Iowa,LB,Josey Jewell,Defense
2507917,72,188,1988-08-20,Belhaven,CB,Tramaine Brock,Defense
2558985,76,212,1993-11-23,Utah,WR,Tim Patrick,Offense
2561002,73,206,1995-03-10,Penn State,WR,DaeSean Hamilton,Offense
2495347,78,265,1987-11-21,Marshall,TE,Lee Smith,Offense
497302,75,210,1986-11-04,LSU,WR,Brandon LaFell,Offense
2556278,73,194,1994-07-29,Arizona,FS,Will Parks,Defense
2532871,75,250,1987-11-01,West Virginia,LB,Bruce Irvin,Defense
2552271,76,265,1992-06-04,Oklahoma,DE,Geneo Grissom,Defense
2558956,76,245,1993-11-18,Wyoming,TE,Jacob Hollister,Offense
2550659,61,188,1991-01-26,Oklahoma State,CB,Tyler Patmon,Defense
2555421,74,246,1995-03-31,Maryland,DE,Yannick Ngakoue,Defense
2556454,72,220,1993-07-22,South Carolina,RB,Brandon Wilds,Offense
2560809,71,215,1995-02-17,Georgia,RB,Sony Michel,Offense
2556375,78,280,1994-01-07,Baylor,TE,Rico Gathers,Offense
2556512,69,159,1994-01-28,Boise State,CB,Donte' Deayon,Defense
2557920,70,195,1995-08-31,Michigan,CB,Jourdan Lewis,Defense
2541944,72,195,1990-09-17,LSU,WR,Russell Shepard,Offense
2552605,71,210,1992-05-13,Northwestern,FS,Ibraheim Campbell,Defense
2495893,77,232,1984-03-23,Central Florida,WR,Brandon Marshall,Offense
2532975,71,215,1988-11-29,Wisconsin,QB,Russell Wilson,Offense
2541966,75,204,1990-01-08,Clemson,WR,Jaron Brown,Offense
2552430,70,182,1992-09-28,Kansas State,WR,Tyler Lockett,Offense
2555289,78,261,1993-03-06,Ohio State,TE,Nick Vannett,Offense
2558865,71,222,1994-09-16,Oklahoma State,RB,Chris Carson,Offense
2508080,70,202,1989-05-07,Texas,FS,Earl Thomas,Defense
2539243,73,215,1990-11-15,Kansas,SS,Bradley McDougald,Defense
2553456,73,215,1992-08-29,San Jose State,CB,Akeem King,Defense
2553637,71,190,1993-03-27,Tennessee,CB,Justin Coleman,Defense
2557881,72,204,1995-01-20,Colorado,FS,Tedric Thompson,Defense
2558259,72,198,1995-07-20,Central Florida,CB,Shaquill Griffin,Defense
2558925,72,240,1994-01-10,Villanova,LB,Austin Calitro,Defense
2560835,71,220,1996-02-02,San Diego State,RB,Rashaad Penny,Offense
2561046,76,267,1996-07-08,Washington,TE,Will Dissly,Offense
2532890,71,240,1990-09-28,California,OLB,Mychal Kendricks,Defense
2540140,77,235,1990-10-04,Louisiana State,OLB,Barkevious Mingo,Defense
2552629,75,260,1993-06-14,Michigan,DE,Frank Clark,Defense
2556603,72,235,1993-08-16,USC,FB,Tre Madden,Offense
2558856,72,215,1995-01-15,East Central,WR,David Moore,Offense
2555417,73,225,1994-05-20,Notre Dame,RB,C.J. Prosise,Offense
2553439,69,221,1993-02-19,South Carolina,RB,Mike Davis,Offense
2535964,72,208,1989-05-18,Louisville,WR,Josh Bellamy,Offense
2555356,61,191,1993-12-13,Navy,WR,Keenan Reynolds,Offense
2560800,73,215,1995-04-14,Oklahoma,QB,Baker Mayfield,Offense
2560830,72,210,1996-09-30,Colorado,CB,Isaiah Oliver,Defense
2553568,75,207,1992-09-21,Illinois State,WR,Cameron Meredith,Offense
2558954,74,221,1990-08-23,Brigham Young,QB,Taysom Hill,Offense
2561061,72,184,1996-01-22,Louisiana State,WR,Russell Gage,Offense
2560946,73,190,1996-02-20,Boston College,DB,Isaac Yiadom,Defense
496814,74,235,1986-06-04,Marshall,OLB,Albert McClellan,Defense
2539937,69,205,1991-02-23,Syracuse,SS,Shamarko Thomas,Defense
2560915,61,200,1997-03-29,Miami (Fla.),HB,Mark Walton,Offense
2561093,72,225,1995-01-14,Maryland,LB,Jermaine Carter,Defense
2555331,75,205,1994-04-17,Mississippi,WR,Cody Core,Offense
2556762,73,234,1993-08-17,Idaho,RB,Elijhaa Penny,Offense
2561017,70,205,1996-04-27,Temple,DB,Sean Chandler,Defense
2543456,77,255,1993-02-14,South Carolina,DE,Jadeveon Clowney,Defense
2495488,77,288,1989-03-22,Wisconsin,DE,J.J. Watt,Defense
2560718,74,234,1995-11-08,Alabama,LB,Rashaan Evans,Defense
2561340,71,185,1996-03-05,Vanderbilt,CB,Tre Herndon,Defense
2552401,74,243,1992-03-24,Southern Illinois,TE,MyCole Pruitt,Offense
2556798,73,180,1992-05-16,Youngstown State,CB,Kenneth Durden,Defense
2539964,69,185,1990-11-19,Texas,WR,Marquise Goodwin,Offense
2499278,72,225,1989-07-05,Southern California,OLB,Malcolm Smith,Defense
2557837,73,228,1994-04-04,Alabama,OLB,Reuben Foster,Defense
2560850,69,193,1996-11-11,Kansas State,DB,D.J. Reed,Defense
2559076,76,210,1995-08-14,Hawaii,WR,Marcus Kemp,Offense
2543494,74,252,1991-03-19,Auburn,DE,Dee Ford,Defense
2561117,74,200,1996-08-16,Southern Mississippi,DB,Tarvarius Moore,Defense
2553728,70,197,1992-04-09,Purdue,RB,Raheem Mostert,Offense
2552409,75,216,1993-01-20,Louisville,WR,DeVante Parker,Offense
2495159,70,215,1987-09-16,East Carolina,WR,Dwayne Harris,Offense
2559054,72,225,1995-07-10,Greenville,ILB,Nicholas Morrow,Defense
2553552,76,253,1992-01-16,Bowie State,TE,Khari Lee,Offense
2559208,72,195,1994-04-15,Pittsburgh,CB,Ryan Lewis,Defense
2560801,69,190,1996-10-15,Clemson,WR,Ray-Ray McCloud,Offense
2561099,70,205,1995-06-30,Cincinnati,RB,Mike Boone,Offense
2495331,61,185,1988-09-24,Southern Methodist,WR,Aldrick Robinson,Offense
2559012,73,230,1994-09-26,Cincinnati,OLB,Eric Wilson,Defense
2543500,75,215,1992-07-16,Vanderbilt,WR,Jordan Matthews,Offense
2555259,77,237,1992-12-30,North Dakota State,QB,Carson Wentz,Offense
2560949,74,225,1996-10-29,Notre Dame,RB,Josh Adams,Offense
2555261,76,235,1992-12-11,North Carolina State,QB,Jacoby Brissett,Offense
2558116,69,208,1994-12-02,Texas-El Paso,RB,Aaron Jones,Offense
2553710,72,203,1992-02-22,Texas A&M,SS,Deshazor Everett,Defense
2507232,73,207,1984-09-03,Colorado,K,Mason Crosby,Special
2560868,78,208,1995-10-30,Alabama,P,J.K. Scott,Special
2561156,75,240,1994-05-21,Mississippi State,LS,Hunter Bradley,Special
2560764,69,190,1995-11-17,Southern U.,DB,Danny Johnson,Defense
2560984,75,233,1995-03-21,Vanderbilt,LB,Oren Burks,Defense
2559164,74,196,1995-01-06,Brigham Young,CB,Michael Davis,Defense
2541544,61,218,1990-07-07,Middle Tennessee State,RB,Benny Cunningham,Offense
497238,77,260,1988-06-16,Oklahoma,TE,Jermaine Gresham,Offense
2534871,72,233,1990-10-18,UCLA,FB,Derrick Coleman,Offense
2560901,74,199,1995-11-24,Louisiana State,DB,Kevin Toliver,Defense
2560858,76,215,1997-02-10,UCLA,QB,Josh Rosen,Offense
2532966,72,242,1990-06-27,Utah State,MLB,Bobby Wagner,Defense
2560728,75,203,1995-06-02,Oklahoma State,CB,Tre Flowers,Defense
2558159,71,202,1995-07-26,Louisiana Tech,FS,Xavier Woods,Defense
2560754,73,198,1995-11-17,Maryland,DB,J.C. Jackson,Defense
2561157,70,185,1996-04-17,Western Carolina,DB,Keion Crossen,Defense
2555380,70,200,1993-11-29,Alabama,CB,Cyrus Jones,Defense
2535609,74,216,1989-06-28,Portland State,CB,DeShawn Shead,Defense
2506861,61,185,1983-07-19,Shippensburg,CB,Brent Grimes,Defense
2543643,61,195,1991-07-06,San Diego State,SS,Nat Berhe,Defense
2556567,72,209,1992-10-14,South Carolina,S,Isaiah Johnson,Defense
2560741,74,196,1997-03-28,Texas,CB,Holton Hill,Defense
2530852,74,235,1987-12-07,Ohio State,LS,Jake McQuaide,Special
2535663,77,241,1990-02-08,Oregon State,P,Johnny Hekker,Special
2560782,72,244,1995-01-25,Virginia,LB,Micah Kiser,Defense
2561653,74,205,1995-01-03,Prairie View,WR,KhaDarel Hodge,Offense
2560898,61,198,1995-09-02,Jacksonville State,RB,Roc Thomas,Offense
2560770,71,208,1997-08-03,Southern California,RB,Ronald Jones,Offense
81284,72,229,1986-10-07,Missouri,QB,Chase Daniel,Offense
2552033,76,231,1994-01-06,Florida State,QB,Jameis Winston,Offense
2553774,72,229,1993-08-04,Syracuse,OLB,Cameron Lynch,Defense
2560051,75,215,1996-04-04,Pennsylvania,WR,Justin Watson,Offense
2555155,72,200,1993-08-14,Miami,SS,Deon Bush,Defense
2555381,72,202,1993-04-13,William & Mary,FS,DeAndre Houston-Carson,Defense
2560939,74,221,1994-09-11,Georgia,WR,Javon Wims,Offense
2560750,73,226,1995-10-12,Western Kentucky,LB,Joel Iyiegbuniwe,Defense
2556588,75,255,1994-08-06,South Florida,DE,Eric Lee,Defense
2560814,75,205,1995-05-23,Missouri,WR,J'Mon Moore,Offense
2560982,72,198,1995-07-13,Alabama,CB,Tony Brown,Defense
2495467,72,195,1988-07-26,Eastern Washington,RB,Taiwan Jones,Offense
2561029,71,180,1997-01-14,Texas Tech,WR,Keke Coutee,Offense
2558832,77,267,1993-09-19,Virginia Commonwealth,TE,Mo Alie-Cox,Offense
2556394,71,190,1992-09-15,Georgia Tech,CB,Chris Milton,Defense
2557995,72,207,1993-03-09,Florida,FS,Marcus Maye,Defense
2541864,75,245,1991-11-07,Columbia,OLB,Josh Martin,Defense
744,80,300,1986-09-01,Miami,DE,Calais Campbell,Defense
2532873,77,290,1990-01-11,Tennessee,DT,Malik Jackson,Defense
2553431,75,255,1994-08-03,Florida,OLB,Dante Fowler Jr.,Defense
2543563,72,230,1991-10-07,Boston College,ILB,Kevin Pierre-Louis,Defense
2559058,72,194,1995-06-14,Georgia,S,Maurice Smith,Defense
2539289,69,195,1989-04-28,Oregon,RB,Kenjon Barner,Offense
2543724,73,200,1991-06-19,Liberty,CB,Walt Aikens,Defense
2533436,79,240,1990-11-22,Arizona State,QB,Brock Osweiler,Offense
2556542,74,230,1992-07-02,Pittsburgh,LB,Nicholas Grigsby,Defense
494277,72,205,1988-06-16,Mississippi,FS,Kendrick Lewis,Defense
2533039,75,218,1990-02-14,South Carolina,WR,Alshon Jeffery,Offense
2540279,61,184,1990-11-23,Connecticut,WR,Nick Williams,Offense
2560795,69,184,1996-03-31,Pittsburgh,CB,Avonte Maddox,Defense
2530747,61,192,1988-09-21,Stanford,WR,Doug Baldwin,Offense
2558077,73,216,1995-11-26,Michigan,SS,Lano Hill,Defense
2543823,70,191,1992-02-23,Missouri,CB,E.J. Gaines,Defense
2535869,74,195,1988-02-09,Temple,WR,Rod Streater,Offense
2557922,74,215,1993-11-16,Iowa,QB,C.J. Beathard,Offense
2532790,70,175,1989-12-29,Miami,WR,Travis Benjamin,Offense
2558971,74,195,1994-06-25,Iowa,CB,Greg Mabin,Defense
2532431,73,234,1988-02-11,North Texas,OLB,Craig Robertson,Defense
2561317,73,191,1995-04-06,Bethune-Cookman,WR,Jawill Davis,Offense
71407,76,235,1986-03-08,Southern Methodist,P,Thomas Morstead,Special
2541192,70,207,1990-02-26,Southern Methodist,SS,Chris Banjo,Defense
2556931,75,255,1993-01-10,Southern Methodist,LS,Zach Wood,Special
2557906,75,246,1993-07-02,Wisconsin,LB,Vince Biegel,Defense
2559181,73,200,1994-02-07,Illinois,DB,Justin Hardee,Defense
2561206,72,202,1996-01-18,Mississippi State,DB,J.T. Gray,Defense
2533459,74,240,1988-03-14,Penn State,ILB,Nate Stupar,Defense
2560815,61,203,1996-10-01,Boston College,DB,Kam Moore,Defense
2561318,73,224,1996-08-14,Chattanooga,ILB,Tae Davis,Defense
2557862,77,300,1993-08-25,Michigan,DE,Chris Wormley,Defense
2561468,61,214,1995-08-23,Alcorn State,RB,De'Lance Turner,Offense
2559007,70,185,1994-07-15,Arizona State,WR,Tim White,Offense
2535613,72,232,1990-01-03,Northern Iowa,ILB,L.J. Fort,Defense
2553667,78,255,1992-09-21,Illinois,TE,Matt LaCosse,Offense
2552451,75,255,1993-05-18,Missouri,DE,Shane Ray,Defense
2558988,72,196,1993-11-07,Oklahoma State,CB,Lenzy Pipkins,Defense
238498,70,200,1986-05-22,Kent State,WR,Julian Edelman,Offense
2539280,74,260,1990-10-14,Ohio State,DE,John Simon,Defense
2559087,70,190,1993-07-13,Memphis,CB,Arthur Maulet,Defense
2533460,70,225,1989-12-02,Utah State,RB,Robert Turbin,Offense
2561131,73,202,1993-11-03,Central Arkansas,FS,George Odum,Defense
2561149,72,229,1995-12-12,Houston,ILB,Matthew Adams,Defense
2553817,74,200,1993-01-28,Georgia,SS,Corey Moore,Defense
2553562,73,208,1992-07-25,James Madison,DB,Dean Marlowe,Defense
2507374,76,210,1985-06-29,North Carolina State,K,Stephen Hauschka,Special
2556526,74,235,1994-03-24,Louisiana State,LS,Reid Ferguson,Special
2560840,75,307,1996-01-25,Stanford,DT,Harrison Phillips,Defense
2561574,72,208,1996-09-13,New Mexico,P,Corey Bojorquez,Special
2558066,71,195,1996-08-11,Ohio State,WR,Curtis Samuel,Offense
2540152,73,215,1991-12-10,Louisiana State,SS,Eric Reid,Defense
2561624,75,248,1995-12-30,Northwestern,TE,Garrett Dickerson,Offense
2553499,69,180,1993-01-27,South Carolina,WR,Damiere Byrd,Offense
2533058,73,255,1990-09-24,Arizona State,OLB,Vontaze Burfict,Defense
2552403,75,252,1992-08-31,Florida State,TE,Nick O'Leary,Offense
2558864,77,252,1993-11-04,Buffalo,TE,Mason Schreck,Offense
2552321,75,245,1992-07-28,Clemson,MLB,Stephone Anthony,Defense
2560747,76,245,1993-08-24,South Carolina,TE,Hayden Hurst,Offense
2508107,74,210,1988-07-26,Colorado,CB,Jimmy Smith,Defense
2557965,76,272,1995-12-29,Texas A&M,DE,Myles Garrett,Defense
2559270,77,237,1994-04-30,Indiana State,TE,Robert Tonyan,Offense
2560883,77,214,1996-09-30,Notre Dame,WR,Equanimeous St. Brown,Offense
2558119,74,220,1994-09-20,North Carolina State,SS,Josh Jones,Defense
2556587,70,190,1994-07-25,Florida Atlantic,CB,Cre'von LeBlanc,Defense
2555542,73,190,1993-08-02,Penn State,FS,Jordan Lucas,Defense
2560808,73,209,1996-06-20,Stanford,CB,Quenton Meeks,Defense
2552272,78,301,1991-08-03,Stanford,DE,Henry Anderson,Defense
2561020,76,275,1996-06-24,North Carolina State,DE,Bradley Chubb,Defense
2553840,76,265,1992-05-30,"Albany, N.Y.",TE,Brian Parker,Offense
2555171,73,235,1992-12-22,Temple,ILB,Tyler Matakevich,Defense
2495136,74,240,1988-02-19,North Carolina,ILB,Bruce Carter,Defense
2560862,72,225,1996-07-20,North Carolina State,RB,Jaylen Samuels,Offense
2556443,72,198,1991-10-14,Florida Atlantic,SS,Sharrod Neasman,Defense
2505982,78,245,1981-06-25,Virginia,QB,Matt Schaub,Offense
2560897,75,244,1995-07-21,Florida State,LB,Matthew Thomas,Defense
2555394,73,215,1995-02-22,West Virginia,CB,Daryl Worley,Defense
2532870,74,247,1989-04-26,South Carolina,DE,Melvin Ingram,Defense
2532869,76,227,1990-03-31,Boise State,FS,George Iloka,Defense
2541741,73,240,1990-11-03,Virginia,MLB,LaRoy Reynolds,Defense
2558912,68,178,1995-04-04,Oregon State,WR,Victor Bolden,Offense
2532789,74,230,1989-10-27,Alabama,ILB,Mark Barron,Defense
2558886,75,256,1994-11-22,Washington,TE,Darrell Daniels,Offense
2534846,74,210,1990-02-11,Auburn,CB,Neiko Thorpe,Defense
2541388,75,211,1990-01-29,San Diego State,WR,Brice Butler,Offense
2540291,71,190,1991-02-01,South Florida,CB,Kayvon Webster,Defense
2495466,69,215,1989-12-21,Alabama,RB,Mark Ingram,Offense
2556404,75,205,1992-11-11,California,WR,Maurice Harris,Offense
2559385,78,220,1995-03-15,Wisconsin-Platteville,TE,Dan Arnold,Offense
2532841,74,220,1989-11-27,Notre Dame,WR,Michael Floyd,Offense
2550542,61,203,1993-01-10,Colorado State,RB,Kapri Bibbs,Offense
2533534,74,262,1990-10-07,Miami,DE,Olivier Vernon,Defense
2555366,74,206,1994-05-31,Northern Iowa,CB,Deiondre' Hall,Defense
2559260,72,200,1993-12-21,Shepherd,DB,Tre Sullivan,Defense
2556456,71,202,1992-10-28,Connecticut,FS,Andrew Adams,Defense
2541431,72,206,1991-05-06,Central Florida,FS,Kemal Ishmael,Defense
2507843,72,240,1987-09-06,Duke,OLB,Vincent Rey,Defense
2558786,70,200,1994-07-27,Houston,S,Brandon Wilson,Defense
2560839,70,190,1995-06-26,Western Michigan,CB,Darius Phillips,Defense
2541696,71,200,1990-12-25,Towson,S,Jordan Dangerfield,Defense
2561054,74,200,1995-04-16,Texas A&M,WR,Damion Ratley,Offense
2539335,75,221,1990-10-10,West Virginia,QB,Geno Smith,Offense
2560756,72,200,1996-04-22,Northwestern,RB,Justin Jackson,Offense
2560719,74,197,1994-09-08,Virginia Tech,CB,Brandon Facyson,Defense
2557931,73,200,1993-11-19,Clemson,CB,Cordrea Tankersley,Defense
2553655,73,202,1991-10-09,Virginia,FS,Anthony Harris,Defense
238227,73,221,1987-06-10,Ohio U.,FS,Mike Mitchell,Defense
2543712,71,205,1992-03-02,Florida State,SS,Terrence Brooks,Defense
2559263,76,254,1994-11-14,Texas,TE,Tyrone Swoopes,Offense
2560999,72,227,1995-07-20,Central Florida,LB,Shaquem Griffin,Defense
2506352,73,235,1983-03-22,Georgia,OLB,Thomas Davis,Defense
2558138,71,240,1995-09-16,Oklahoma,RB,Samaje Perine,Offense
2556550,70,190,1993-01-23,East Carolina,CB,Josh Hawkins,Defense
2559934,76,265,1994-12-23,Southern Methodist,DE,Justin Lawler,Defense
925,61,199,1986-12-27,Texas,RB,Jamaal Charles,Offense
2556543,77,265,1994-02-04,North Carolina State,TE,David Grinnage,Offense
2561324,73,238,1995-04-13,Rutgers,RB,Gus Edwards,Offense
2552259,73,197,1992-03-27,USC,CB,Josh Shaw,Defense
2495140,75,280,1988-07-06,Iowa,DE,Adrian Clayborn,Defense
2552278,74,265,1993-08-16,Arkansas,DE,Trey Flowers,Defense
2558924,77,300,1994-04-12,Vanderbilt,DT,Adam Butler,Defense
2507948,75,254,1987-03-05,Central Michigan,OLB,Frank Zombo,Defense
2550289,71,224,1992-01-28,Toledo,RB,David Fluellen,Offense
2561521,68,175,1995-12-20,Texas Tech,WR,Cameron Batson,Offense
2555414,75,291,1994-03-20,Michigan,DT,Willie Henry,Defense
2543765,79,300,1991-05-05,Virginia,DE,Brent Urban,Defense
2556650,72,345,1992-11-06,Samford,DT,Michael Pierce,Defense
2506546,78,235,1983-06-15,Oregon State,QB,Derek Anderson,Offense
2530700,75,205,1989-01-31,Virginia,WR,Dontrelle Inman,Offense
2543739,74,200,1991-12-01,North Carolina State,CB,Dontae Johnson,Defense
2560838,72,201,1995-12-16,Virginia Tech,WR,Cam Phillips,Offense
2552478,78,252,1991-08-07,Oklahoma,TE,Blake Bell,Offense
2543874,61,195,1992-05-30,Vanderbilt,FS,Andre Hal,Defense
2561152,73,229,1994-06-17,Arkansas,RB,Dave Williams,Offense
2555387,73,215,1993-05-11,Southern California,QB,Cody Kessler,Offense
2552425,61,186,1992-09-23,Florida State,WR,Rashad Greene,Offense
2558853,73,210,1993-07-27,Cincinnati,CB,Mike Tyson,Defense
2553554,79,265,1990-12-27,Eastern Kentucky,TE,Matt Lengel,Offense
2555547,71,196,1993-10-19,Notre Dame,CB,KeiVarae Russell,Defense
2555262,76,235,1993-04-23,Louisiana Tech,QB,Jeff Driskel,Offense
2561383,74,233,1995-07-27,Iowa,LB,Ben Niemann,Defense
2561417,73,195,1996-05-16,Middle Tennessee,CB,Charvarius Ward,Defense
2560967,74,231,1995-12-22,Arizona State,RB,Kalen Ballage,Offense
2552374,69,203,1993-06-13,Nebraska,RB,Ameer Abdullah,Offense
2558165,76,266,1994-03-18,Ohio,LB,Tarell Basham,Defense
2560985,72,186,1997-10-04,Southern California,WR,Deontay Burnett,Offense
2508007,70,175,1987-09-30,Minnesota,CB,Marcus Sherels,Defense
2555168,73,242,1993-02-08,Missouri,MLB,Kentrell Brothers,Defense
2543608,61,190,1991-04-08,Maryland,CB,Dexter McDougle,Defense
2552597,74,215,1993-09-10,Central Florida,WR,Breshad Perriman,Offense
2561022,74,238,1996-05-05,Wisconsin,LB,Jack Cichy,Defense
2555307,73,236,1993-07-03,Oklahoma,OLB,Devante Bond,Defense
2550767,75,190,1990-02-04,"California, Pa.",CB,C.J. Goodwin,Defense
2560948,76,258,1995-04-01,Louisville,OLB,Trevon Young,Defense
2558018,75,280,1995-08-26,Stanford,DE,Solomon Thomas,Defense
2559356,61,178,1994-12-13,Utah,CB,Dominique Hatfield,Defense
2561060,77,240,1995-01-26,San Diego,TE,Ross Dwelley,Offense
2550198,73,218,1991-06-10,Michigan State,WR,Bennie Fowler,Offense
2561001,69,190,1996-01-06,Penn State,CB,Grant Haley,Defense
2553719,74,225,1993-01-23,Boston College,OLB,Josh Keyes,Defense
2552602,74,305,1993-10-16,Rice,DT,Christian Covington,Defense
2555388,75,347,1994-07-01,Clemson,DT,D.J. Reader,Defense
2558241,72,238,1994-05-27,Ohio,OLB,Blair Brown,Defense
2561041,61,193,1995-02-20,Miami,CB,Dee Delaney,Defense
2553656,73,210,1993-03-15,Old Dominion,QB,Taylor Heinicke,Offense
2555546,74,177,1995-07-23,Louisiana State,CB,Rashard Robinson,Defense
2559287,75,254,1994-06-09,San Jose State,LB,Isaiah Irving,Defense
2560724,76,260,1994-10-11,Utah,LB,Kylie Fitts,Defense
2540176,78,281,1991-07-31,Michigan State,DE,William Gholston,Defense
496780,78,285,1989-02-28,Florida,DE,Carlos Dunlap,Defense
2556833,61,190,1994-06-30,Texas A&M,CB,De'Vante Harris,Defense
2561330,76,240,1996-02-01,Central Florida,HB,Jordan Franks,Offense
2495252,76,246,1989-07-23,Mississippi State,OLB,K.J. Wright,Defense
497224,76,250,1987-07-25,Oregon,TE,Ed Dickson,Offense
2561261,68,189,1995-09-12,Florida,WR,Brandon Powell,Offense
2559293,74,199,1993-11-30,Michigan,DB,Dymonte Thomas,Defense
2558129,68,173,1995-04-09,Georgia,WR,Isaiah McKenzie,Offense
2561461,71,202,1995-02-26,Tulane,RB,Dontrell Hilliard,Offense
2560819,71,205,1996-10-16,Wisconsin,CB,Nick Nelson,Defense
2560986,73,235,1996-03-17,Penn State,LB,Jason Cabinda,Defense
2532974,76,240,1989-04-26,Wake Forest,OLB,Kyle Wilber,Defense
2533538,77,265,1990-02-27,Syracuse,OLB,Chandler Jones,Defense
2542009,75,265,1991-08-03,Idaho,DE,Benson Mayowa,Defense
2553437,77,305,1992-01-19,Delaware State,DT,Rodney Gunter,Defense
2555336,76,314,1994-09-19,Mississippi,DT,Robert Nkemdiche,Defense
2556655,74,211,1994-02-16,Ohio State,DB,Tyvis Powell,Defense
2558273,71,195,1994-09-03,North Carolina,RB,T.J. Logan,Offense
2553583,76,293,1991-08-27,Miami,DT,Olsen Pierre,Defense
2561207,71,197,1995-02-02,James Madison,FS,Raven Greene,Defense
2560731,76,288,1996-09-26,Stephen F. Austin,DE,John Franklin-Myers,Defense
496790,75,273,1987-12-22,Southern California,DE,Everson Griffen,Defense
496802,76,329,1988-10-10,East Carolina,DT,Linval Joseph,Defense
2506779,75,288,1984-08-30,Southern Mississippi,DT,Tom Johnson,Defense
2555529,77,265,1994-03-19,Vanderbilt,DE,Stephen Weatherly,Defense
2535867,73,230,1990-09-02,Wagner,ILB,Julian Stanford,Defense
496961,74,245,1988-03-03,Florida State,OLB,Dekoda Watson,Defense
2558979,73,210,1995-03-21,Southern Mississippi,QB,Nick Mullens,Offense
2543497,75,220,1990-09-13,Alabama,QB,AJ McCarron,Offense
2555464,68,210,1993-02-22,Texas Tech,RB,DeAndre Washington,Offense
2561006,72,208,1994-06-09,Florida,FS,Marcell Harris,Defense
2558167,75,216,1995-01-26,Tennessee,QB,Joshua Dobbs,Offense
2558975,70,192,1993-10-21,Virginia,WR,Taquan Mizzell,Offense
2507731,73,240,1985-07-31,Florida State,LS,Garrison Sanborn,Special
2533000,75,205,1988-10-06,California,P,Bryan Anger,Special
2558923,74,228,1993-11-23,Michigan State,LB,Riley Bullough,Defense
2531080,76,240,1988-04-17,Fresno State,OLB,Ben Jacobs,Defense
2555270,79,275,1993-04-12,Penn State,OLB,Carl Nassib,Defense
2553736,72,185,1993-03-31,Coastal Carolina,DB,Denzel Rice,Defense
2558289,73,228,1994-12-16,Boise State,LB,Tanner Vallejo,Defense
2561278,70,205,1996-03-11,Ferris State,CB,Tavierre Thomas,Defense
2557934,70,214,1994-06-01,Louisiana-Lafayette,RB,Elijah McGuire,Offense
2561147,72,185,1995-09-22,Southern Mississippi,CB,Cornell Armstrong,Defense
2561482,70,185,1994-06-01,Northern Illinois,WR,Chad Beebe,Offense
2556569,73,215,1994-06-28,Jacksonville,WR,Andy Jones,Offense
2555240,75,310,1994-01-11,Temple,DE,Matthew Ioannidis,Defense
2557872,74,265,1995-11-02,UCLA,DE,Takkarist McKinley,Defense
2555345,73,224,1995-07-07,USC,DB,Su'a Cravens,Defense
2560976,73,223,1995-07-26,Washington,LB,Keishawn Bierria,Defense
2559485,72,198,1994-11-01,Washington State,WR,River Cracraft,Offense
2543571,71,195,1992-01-30,Clemson,CB,Bashaud Breeland,Defense
2543650,77,285,1993-02-08,South Florida,OLB,Aaron Lynch,Defense
2553631,61,224,1991-09-13,South Dakota,RB,Zach Zenner,Offense
2561224,75,210,1994-12-26,Temple,WR,Keith Kirkwood,Offense
2495184,76,287,1989-07-10,California,DE,Cameron Jordan,Defense
2560890,77,228,1997-02-03,Florida State,WR,Auden Tate,Offense
2556118,73,223,1994-04-24,Washington,RB,Dwayne Washington,Offense
2533542,61,200,1991-01-08,Central Florida,CB,Josh Robinson,Defense
2543465,74,215,1992-11-10,Louisville,QB,Teddy Bridgewater,Offense
2555215,73,215,1994-01-24,Rutgers,WR,Leonte Carroo,Offense
2522602,73,243,1985-07-06,Western Washington,LS,Matt Overton,Special
2539230,76,318,1991-09-08,Georgia,NT,Abry Jones,Defense
2553833,72,215,1990-11-19,Texas A&M,K,Josh Lambo,Special
2561161,77,200,1995-07-28,Mississippi State,P,Logan Cooke,Special
2561272,73,219,1996-02-26,Vanderbilt,WR,Trent Sherfield,Offense
2550257,74,208,1990-03-05,Brigham Young,SS,Daniel Sorensen,Defense
71435,77,251,1987-06-11,Virginia,TE,John Phillips,Offense
2560914,72,179,1995-06-12,Alabama,CB,Levi Wallace,Defense
2505076,76,218,1979-07-04,Sam Houston State,QB,Josh McCown,Offense
2539308,74,234,1990-09-08,Southern California,QB,Matt Barkley,Offense
2541848,75,235,1990-07-18,West Alabama,OLB,Deon Lacey,Defense
2542246,61,224,1990-10-27,California-Davis,P,Colton Schmidt,Special
2556714,75,259,1993-04-24,Wyoming,DE,Eddie Yarbrough,Defense
2540287,72,203,1988-11-25,California (PA),FS,Rontez Miles,Defense
2556614,75,252,1992-11-17,Auburn,LB,Cassanova McKinzy,Defense
81294,74,215,1985-10-13,Michigan State,QB,Brian Hoyer,Offense
2552313,72,235,1992-04-18,USC,MLB,Hayes Pullard,Defense
2558091,74,225,1996-01-06,Ohio State,WR,Noah Brown,Offense
2560887,71,189,1996-08-07,Georgia State,CB,Chandon Sullivan,Defense
2555333,71,185,1994-07-06,Baylor,WR,Corey Coleman,Offense
2557987,69,205,1994-09-03,North Carolina State,RB,Matt Dayes,Offense
2561671,74,200,1996-01-30,Illinois,WR,Malik Turner,Offense
2558274,72,202,1994-08-05,Washington State,FS,Shalom Luani,Defense
2558144,78,257,1994-10-24,Ashland,TE,Adam Shaheen,Offense
2561527,72,198,1995-08-04,Southeast Missouri,CB,Mike Ford,Defense
79583,74,309,1986-11-23,LSU,DT,Ricky Jean Francois,Defense
2535718,75,350,1988-11-29,William Penn,DT,Damon Harrison,Defense
2552375,61,215,1990-06-23,Auburn,RB,Cameron Artis-Payne,Offense
2530474,75,260,1987-09-06,Troy,DE,Mario Addison,Defense
2540159,72,246,1990-12-03,Louisiana State,MLB,Kevin Minter,Defense
2560847,72,200,1995-12-07,Southern Methodist,WR,Trey Quinn,Offense
2556841,69,215,1994-02-13,Oregon,RB,Byron Marshall,Offense
497123,73,212,1986-09-05,Texas,QB,Colt McCoy,Offense
2560961,76,216,1994-09-16,Oklahoma State,WR,Marcell Ateman,Offense
2532878,61,194,1990-03-30,Iowa State,CB,Leonard Johnson,Defense
2561300,74,208,1996-03-17,Penn State,WR,Saeed Blacknall,Offense
2550364,73,250,1990-08-13,Iowa,LS,Casey Kreiter,Special
2559200,72,231,1994-02-21,Northwestern,LB,Joe Jones,Defense
2560944,73,213,1995-04-19,California-Davis,P,Colby Wadman,Special
2553877,73,240,1991-08-15,Cal Poly,ILB,Nick Dzubnar,Defense
2558303,74,210,1991-01-03,Emporia State,CB,Jeff Richards,Defense
2559197,72,232,1995-02-10,Weber State,LB,Tre'Von Johnson,Defense
2553790,74,190,1993-01-15,Pittsburg State,CB,DeVante Bausby,Defense
2552396,77,258,1993-04-09,Notre Dame,TE,Ben Koyack,Offense
2561003,72,235,1995-09-11,Alabama,LB,Shaun Dion Hamilton,Defense
2558112,73,219,1995-11-09,Wyoming,HB,Brian Hill,Offense
2556805,75,190,1991-08-22,Cincinnati,WR,Johnny Holton,Offense
2558950,73,215,1994-09-11,Arkansas,WR,Keon Hatcher,Offense
2541302,73,336,1989-02-21,Missouri Southern,DT,Brandon Williams,Defense
2495228,75,268,1989-05-10,Pittsburgh,DE,Jabaal Sheard,Defense
2539310,80,295,1987-07-14,Southern Methodist,DT,Margus Hunt,Defense
2550646,77,285,1990-07-15,Mississippi State,DT,Denico Autry,Defense
2560791,75,277,1995-01-30,Ohio State,DT,Tyquan Lewis,Defense
2558189,76,224,1994-04-05,Connecticut,DB,Obi Melifonwu,Defense
2550313,76,257,1992-01-22,California,TE,Richard Rodgers,Offense
2560938,72,194,1995-11-16,North Texas,RB,Jeff Wilson,Offense
2540170,73,205,1991-12-08,North Carolina State,CB,David Amerson,Defense
2508109,77,295,1989-05-06,Ohio State,DT,Cameron Heyward,Defense
2550545,74,185,1991-03-16,Rice,K,Chris Boswell,Special
2553348,77,195,1991-03-18,Eastern Kentucky,P,Jordan Berry,Special
2556421,76,245,1992-08-20,Portland State,LS,Kameron Canaday,Special
2506969,73,222,1982-08-13,Nebraska,P,Sam Koch,Special
2508008,76,233,1986-04-26,Tennessee,LS,Morgan Cox,Special
2533033,74,213,1990-02-12,Baylor,QB,Robert Griffin III,Offense
2555419,71,207,1995-03-07,South Carolina,WR,Pharoh Cooper,Offense
2553548,76,209,1992-02-17,Wisconsin-Whitewater,WR,Jake Kumerow,Offense
2532928,61,210,1988-12-17,Oregon,SS,Eddie Pleasant,Defense
2552273,75,260,1991-03-13,Missouri,OLB,Markus Golden,Defense
2558071,74,195,1996-02-09,Virginia Tech,WR,Isaiah Ford,Offense
2558097,74,239,1994-04-27,Georgia Southern,ILB,Ukeme Eligwe,Defense
2552427,74,192,1992-07-02,Michigan State,CB,Tony Lippett,Defense
2560950,73,248,1997-09-12,Toledo,OLB,Ola Adeniyi,Defense
2560956,74,215,1996-08-07,Penn State,DB,Marcus Allen,Defense
2559013,69,186,1995-01-25,Florida State,WR,Bobo Wilson,Offense
2559066,75,208,1993-02-24,Alabama,WR,Gehrig Dieter,Offense
89758,74,297,1987-01-06,Memphis,DT,Clinton McDonald,Defense
2556440,70,195,1993-08-15,Arkansas State,RB,J.D. McKissic,Offense
2561644,75,205,1996-11-07,Virginia Tech,CB,Adonis Alexander,Defense
79858,74,232,1986-11-11,USC,QB,Mark Sanchez,Offense
2540163,74,315,1989-12-28,LSU,NT,Bennie Logan,Defense
2552326,75,320,1991-12-14,Maryland,DT,Darius Kilgo,Defense
2556368,76,314,1994-05-08,Penn State,NT,Austin Johnson,Defense
2561042,75,251,1995-01-27,North Dakota State,LB,Nick DeLuca,Defense
2543717,75,252,1993-01-17,Georgia Tech,OLB,Jeremiah Attaochu,Defense
2553900,77,247,1992-05-26,James Madison,TE,Daniel Brown,Offense
2533433,76,352,1989-11-16,"Regina, Can.",DT,Akiem Hicks,Defense
2555335,75,296,1993-10-22,Florida,DE,Jonathan Bullard,Defense
2560821,75,313,1996-09-14,Delaware,DT,Bilal Nichols,Defense
2555545,71,186,1993-12-28,Mississippi State,S,Will Redmond,Defense
2560935,71,224,1995-04-15,Louisiana State,RB,Darrel Williams,Offense
2532797,71,220,1990-01-26,Mississippi,RB,Brandon Bolden,Offense
2561316,70,185,1996-02-02,Utah State,CB,Jalen Davis,Defense
264,75,219,1986-05-15,San Diego,QB,Josh Johnson,Offense
2560786,74,219,1995-03-17,Richmond,QB,Kyle Lauletta,Offense
2560762,74,240,1996-11-15,Texas,LB,Malik Jefferson,Defense
2558284,73,245,1994-03-09,Utah,LB,Pita Taumoepenu,Defense
2561279,75,210,1995-12-30,Arkansas-Monticello,WR,Jalen Tolliver,Offense
2561283,74,214,1996-06-09,Washington,LB,Zeke Turner,Defense
2495229,74,249,1988-01-02,LSU,MLB,Kelvin Sheppard,Defense
2552408,78,255,1992-09-13,Georgia Tech,TE,Darren Waller,Offense
496723,72,212,1988-12-29,Tennessee,SS,Eric Berry,Defense
2550268,61,205,1991-06-02,Abilene Christian,RB,Charcandrick West,Offense
2550242,76,332,1991-05-09,Colorado State-Pueblo,DT,Mike Pennel,Defense
2560743,74,249,1995-09-27,Auburn,LB,Jeff Holland,Defense
2556371,72,200,1992-09-09,Texas A&M,CB,Brandon Williams,Defense
2539275,79,225,1989-12-12,North Carolina State,QB,Mike Glennon,Offense
2551359,75,250,1991-05-25,Southern Connecticut State,TE,Jerome Cunningham,Offense
2559880,61,219,1994-04-18,Texas A&M,RB,Keith Ford,Offense
2561107,73,222,1993-12-23,Louisiana State,LB,Corey Thompson,Defense
2543503,78,259,1990-12-22,Stanford,DE,Trent Murphy,Defense
2555218,72,239,1993-10-26,Northwestern,FB,Danny Vitale,Offense
2558858,61,195,1994-06-25,Auburn,CB,Joshua Holsey,Defense
2561329,78,265,1995-03-26,Pittsburgh,TE,Matt Flanagan,Offense
2541135,74,203,1989-06-06,Texas Tech,FS,Cody Davis,Defense
2495485,76,257,1990-05-18,North Carolina,DE,Robert Quinn,Defense
2550365,72,200,1992-06-23,Vanderbilt,S,Kenny Ladler,Defense
2553737,61,187,1992-12-23,Louisville,WR,Eli Rogers,Offense
2559163,73,199,1995-11-11,USC,RB,Justin Davis,Offense
2560777,70,205,1996-10-04,Tennessee,RB,John Kelly,Offense
2553442,74,233,1991-09-30,Oregon State,OLB,D.J. Alexander,Defense
2559141,75,229,1994-10-31,Illinois State,MLB,B.J. Bello,Defense
2505010,79,295,1980-01-18,North Carolina,DE,Julius Peppers,Defense
2539296,75,315,1989-02-02,Purdue,DT,Kawann Short,Defense
2507837,73,310,1986-11-18,Mississippi State,NT,Kyle Love,Defense
2559037,72,227,1994-12-15,Oklahoma,ILB,Ahmad Thomas,Defense
2552317,72,232,1991-05-25,Penn State,MLB,Mike Hull,Defense
2561177,75,211,1996-03-08,Houston,QB,Kyle Allen,Offense
496796,74,254,1988-08-13,Texas Christian,DE,Jerry Hughes,Defense
2557994,73,236,1996-04-24,Texas,RB,D'Onta Foreman,Offense
2555427,78,227,1993-10-07,Indiana,QB,Nate Sudfeld,Offense
2555486,77,245,1993-07-30,South Carolina State,TE,Temarrick Hemingway,Offense
2560779,77,240,1996-05-03,Louisiana State,DE,Arden Key,Defense
2561403,72,205,1995-08-08,Fresno State,WR,Da'Mari Scott,Offense
2506931,73,303,1983-06-10,Louisiana State,DT,Kyle Williams,Defense
2505801,76,258,1981-08-17,Texas A&M,LS,Don Muhlbach,Special
2506677,70,201,1984-08-10,Central Florida,K,Matt Prater,Special
2541311,73,211,1990-02-27,Appalachian State,P,Sam Martin,Special
2560783,75,205,1996-01-28,Oklahoma State,WR,Chris Lacy,Offense
2560787,77,227,1995-12-11,Iowa State,WR,Allen Lazard,Offense
2561585,70,195,1994-08-08,Utah State,DB,Dallin Leavitt,Defense
252,75,222,1985-07-02,Michigan,QB,Chad Henne,Offense
2558819,74,188,1994-12-04,Mississippi,CB,Derrick Jones,Defense
2552397,76,252,1991-10-01,Miami,TE,Clive Walford,Offense
2557850,67,208,1992-11-24,Coastal Carolina,RB,De'Angelo Henderson Sr.,Offense
2556530,61,190,1993-08-30,Memphis,WR,Mose Frazier,Offense
2535890,73,210,1989-02-01,Appalachian State,RB,Travaris Cadet,Offense
2560875,72,240,1997-04-20,North Carolina,LB,Andre Smith,Defense
2549982,76,230,1991-07-01,Southern Methodist,QB,Garrett Gilbert,Offense
2556273,72,230,1993-12-01,Eastern Michigan,RB,Darius Jackson,Offense
2556672,76,218,1992-09-29,Toledo,WR,Alonzo Russell,Offense
2550647,74,253,1989-08-17,Boston College,OLB,Kasim Edebali,Defense
2552379,72,211,1991-12-06,Michigan State,RB,Jeremy Langford,Offense
496816,76,300,1988-02-25,Oklahoma,DT,Gerald McCoy,Defense
496843,77,275,1989-01-01,South Florida,OLB,Jason Pierre-Paul,Defense
2532825,75,279,1988-06-30,Marshall,DE,Vinny Curry,Defense
2560909,76,347,1995-02-05,Washington,DT,Vita Vea,Defense
2560716,74,237,1996-10-13,Western Michigan,TE,Donnie Ernsberger,Offense
2561359,72,180,1995-03-19,Texas Southern,WR,Darvin Kidsy,Offense
2561394,71,205,1996-08-29,South Alabama,DB,Jeremy Reaves,Defense
2541903,73,220,1990-04-18,Oklahoma,P,Tress Way,Special
2543725,75,258,1992-03-31,Louisville,LB,Marcus Smith,Defense
2553798,74,235,1991-09-17,Vanderbilt,LS,Andrew East,Special
2556814,74,200,1994-05-17,Duke,WR,Max McCaffrey,Offense
2552576,78,231,1992-04-25,Oregon State,QB,Sean Mannion,Offense
2561469,69,187,1993-03-15,Alabama-Birmingham,CB,Darious Williams,Defense
2558095,74,196,1995-10-12,LSU,WR,Malachi Dupre,Offense
